0.999919891357422,0.318907458219007,0.00721303320482527,0.998851776123047,0.00969850305713683,0.996932983398438,0.992244720458984,0.999523162841797,0.998195648193359,0.999465942382812,0.384708007224563,0.997417449951172,0.999832153320312,0.145114942528736,0.991123199462891,0.998207092285156,0.117663736886873,0.00396396396396396,0.999691009521484,0.0448192214392977,0.0802992518703242,0.997753143310547,0.250515463917526,0.316534122433882,0.997779846191406,0.999862670898438,0.999435424804688,0.999961853027344,0.995979309082031,0.996051788330078,0.999671936035156,0.00697718272675844,0.997821807861328,0.0464889466840052,0.995506286621094,0.0129156010230179,0.99786376953125,0.214581066376496,0.0592654424040067,0.998073577880859,0.00897103329009944,0.998256683349609,0.123502767991948,0.999156951904297,0.00980157781496534,0.999469757080078,0.998470306396484,0.997337341308594,0.999965667724609,0.998264312744141,0.0362606232294618,0.998977661132812
0.999725341796875,0.333206686930091,0.0292069860750531,0.997238159179688,0.991428375244141,0.994441986083984,0.983295440673828,0.998947143554688,0.996738433837891,0.996925354003906,0.761332417582418,0.99420166015625,0.999629974365234,0.992816925048828,0.984367370605469,0.996204376220703,0.112888659527803,0.151772247360483,0.996711730957031,0.0919642857142857,0.997119903564453,0.995815277099609,0.284036012296882,0.451659590891548,0.993614196777344,0.998939514160156,0.997234344482422,0.998786926269531,0.989635467529297,0.991207122802734,0.998809814453125,0.995014190673828,0.99560546875,0.0307986406117247,0.990695953369141,0.0157657657657658,0.994758605957031,0.996055603027344,0.997165679931641,0.996505737304688,0.99737548828125,0.996315002441406,0.996505737304688,0.997203826904297,0.0117069486404834,0.997833251953125,0.996932983398438,0.994724273681641,0.997516632080078,0.995349884033203,0.996654510498047,0.996486663818359
0.999427795410156,0.323467492260062,0.0988007380073801,0.995365142822266,0.986717224121094,0.992179870605469,0.976764678955078,0.998546600341797,0.994895935058594,0.993106842041016,0.452416542102641,0.989643096923828,0.999439239501953,0.98760986328125,0.980270385742188,0.993865966796875,0.991714477539062,0.202828226812699,0.993709564208984,0.992862701416016,0.995384216308594,0.992061614990234,0.327595146738567,0.410837125621759,0.98779296875,0.998306274414062,0.994491577148438,0.997158050537109,0.984577178955078,0.983810424804688,0.997394561767578,0.991592407226562,0.993335723876953,0.0498588899341486,0.98687744140625,0.00172665692655067,0.991489410400391,0.989589691162109,0.993721008300781,0.99395751953125,0.993537902832031,0.992313385009766,0.993423461914062,0.995304107666016,0.999053955078125,0.996784210205078,0.995426177978516,0.99249267578125,0.994472503662109,0.991283416748047,0.995471954345703,0.994178771972656
0.999053955078125,0.303775883069428,0.0922184980523598,0.992057800292969,0.982082366943359,0.987129211425781,0.971164703369141,0.99798583984375,0.993137359619141,0.988716125488281,0.990482330322266,0.984867095947266,0.999000549316406,0.982421875,0.978363037109375,0.990451812744141,0.989265441894531,0.981468200683594,0.990303039550781,0.988368988037109,0.993637084960938,0.989860534667969,0.361257094807652,0.433097762073027,0.981548309326172,0.997734069824219,0.989444732666016,0.995452880859375,0.978931427001953,0.976581573486328,0.995906829833984,0.984397888183594,0.991321563720703,0.0456194196428571,0.981101989746094,0.170138888888889,0.987873077392578,0.980396270751953,0.990131378173828,0.990467071533203,0.99017333984375,0.984279632568359,0.990585327148438,0.99365234375,0.998592376708984,0.995620727539062,0.993812561035156,0.990348815917969,0.987781524658203,0.988716125488281,0.995330810546875,0.990947723388672
0.998641967773438,0.0178618334646703,0.118467193375301,0.989120483398438,0.977485656738281,0.981731414794922,0.967628479003906,0.997440338134766,0.991619110107422,0.984947204589844,0.989048004150391,0.980846405029297,0.998554229736328,0.978851318359375,0.975410461425781,0.987358093261719,0.986373901367188,0.971958160400391,0.987472534179688,0.983444213867188,0.990226745605469,0.988838195800781,0.346811371494429,0.478319783197832,0.976676940917969,0.996387481689453,0.984569549560547,0.9937744140625,0.973674774169922,0.9697265625,0.993892669677734,0.979911804199219,0.987449645996094,0.158279060588119,0.974143981933594,0.00346205059920107,0.984489440917969,0.974437713623047,0.986911773681641,0.987945556640625,0.986785888671875,0.980319976806641,0.987674713134766,0.9921875,0.998073577880859,0.994136810302734,0.992336273193359,0.989974975585938,0.982139587402344,0.986282348632812,0.996402740478516,0.985374450683594
0.998329162597656,0.0187123789583879,0.140393792356739,0.986240386962891,0.972862243652344,0.977592468261719,0.967735290527344,0.996837615966797,0.990089416503906,0.981784820556641,0.987705230712891,0.977256774902344,0.998004913330078,0.976348876953125,0.974006652832031,0.985031127929688,0.983226776123047,0.968368530273438,0.985019683837891,0.977462768554688,0.987350463867188,0.987747192382812,0.262916399008902,0.976993560791016,0.971405029296875,0.995128631591797,0.980850219726562,0.992275238037109,0.969089508056641,0.963661193847656,0.991580963134766,0.974811553955078,0.983165740966797,0.061860161184927,0.968452453613281,0.994804382324219,0.981678009033203,0.970771789550781,0.984180450439453,0.986110687255859,0.983798980712891,0.9759521484375,0.982990264892578,0.989208221435547,0.997566223144531,0.992950439453125,0.990959167480469,0.989158630371094,0.979007720947266,0.984111785888672,0.997016906738281,0.980564117431641
0.998035430908203,0.0195541650371529,0.150968152359747,0.984569549560547,0.967575073242188,0.974609375,0.968215942382812,0.996318817138672,0.987171173095703,0.978679656982422,0.987190246582031,0.973758697509766,0.997528076171875,0.976345062255859,0.975669860839844,0.982444763183594,0.980709075927734,0.964397430419922,0.980388641357422,0.973350524902344,0.984874725341797,0.986637115478516,0.196666005159754,0.974689483642578,0.967029571533203,0.994144439697266,0.980579376220703,0.990932464599609,0.966163635253906,0.958087921142578,0.989982604980469,0.970706939697266,0.978237152099609,0.993606567382812,0.969448089599609,0.993965148925781,0.979335784912109,0.968029022216797,0.981643676757812,0.985328674316406,0.980709075927734,0.971870422363281,0.975410461425781,0.98443603515625,0.996749877929688,0.991420745849609,0.989837646484375,0.986831665039062,0.976966857910156,0.982513427734375,0.993625640869141,0.976997375488281
0.997734069824219,0.0024554148358749,0.18983406677702,0.983379364013672,0.961891174316406,0.971782684326172,0.968265533447266,0.995761871337891,0.983413696289062,0.975399017333984,0.985984802246094,0.97296142578125,0.997055053710938,0.976093292236328,0.976516723632812,0.9801025390625,0.978244781494141,0.962337493896484,0.977260589599609,0.969272613525391,0.983127593994141,0.982807159423828,0.201171058134672,0.972820281982422,0.964290618896484,0.993282318115234,0.980514526367188,0.989875793457031,0.963245391845703,0.954883575439453,0.987998962402344,0.960269927978516,0.974472045898438,0.992607116699219,0.966484069824219,0.993186950683594,0.977474212646484,0.967231750488281,0.979549407958984,0.984607696533203,0.978324890136719,0.968215942382812,0.967842102050781,0.980026245117188,0.995872497558594,0.990299224853516,0.988754272460938,0.984062194824219,0.976039886474609,0.982021331787109,0.989311218261719,0.974147796630859
0.997402191162109,0.000513083632632119,0.237038862870758,0.981330871582031,0.961299896240234,0.970226287841797,0.967685699462891,0.995288848876953,0.981086730957031,0.973403930664062,0.984142303466797,0.972072601318359,0.996536254882812,0.976207733154297,0.981338500976562,0.977043151855469,0.975978851318359,0.962192535400391,0.975040435791016,0.966865539550781,0.980159759521484,0.980155944824219,0.237176524953789,0.970718383789062,0.962173461914062,0.992664337158203,0.97857666015625,0.988822937011719,0.961524963378906,0.951457977294922,0.985969543457031,0.95703125,0.971546173095703,0.991767883300781,0.954746246337891,0.992424011230469,0.975852966308594,0.96728515625,0.977581024169922,0.983963012695312,0.975772857666016,0.965103149414062,0.961761474609375,0.976280212402344,0.995033264160156,0.988838195800781,0.987297058105469,0.979988098144531,0.975788116455078,0.982059478759766,0.985435485839844,0.971145629882812
0.997100830078125,0.00265923768519691,0.238046712591204,0.978130340576172,0.960113525390625,0.970432281494141,0.967552185058594,0.994823455810547,0.979774475097656,0.971927642822266,0.982959747314453,0.972896575927734,0.995136260986328,0.976165771484375,0.97760009765625,0.975349426269531,0.97625732421875,0.960384368896484,0.972358703613281,0.965988159179688,0.974403381347656,0.980979919433594,0.323765635286373,0.971309661865234,0.961574554443359,0.992038726806641,0.97613525390625,0.987842559814453,0.960636138916016,0.949142456054688,0.984180450439453,0.955188751220703,0.968273162841797,0.990833282470703,0.957557678222656,0.991611480712891,0.974147796630859,0.972465515136719,0.975841522216797,0.983371734619141,0.973587036132812,0.962745666503906,0.958072662353516,0.973293304443359,0.993927001953125,0.987636566162109,0.984603881835938,0.975959777832031,0.975990295410156,0.980361938476562,0.982387542724609,0.971206665039062
0.996726989746094,0.0021362151294295,0.240565843197097,0.97760009765625,0.958805084228516,0.968669891357422,0.966518402099609,0.994468688964844,0.979114532470703,0.971042633056641,0.981422424316406,0.970737457275391,0.993907928466797,0.975269317626953,0.977130889892578,0.974506378173828,0.973129272460938,0.960517883300781,0.970279693603516,0.968456268310547,0.969207763671875,0.978267669677734,0.141822906998329,0.967700958251953,0.962024688720703,0.991260528564453,0.971843719482422,0.987098693847656,0.960411071777344,0.946434020996094,0.982479095458984,0.955982208251953,0.964881896972656,0.989959716796875,0.957599639892578,0.990909576416016,0.973823547363281,0.964893341064453,0.974308013916016,0.983951568603516,0.971889495849609,0.960865020751953,0.956737518310547,0.97064208984375,0.992870330810547,0.986625671386719,0.981937408447266,0.975479125976562,0.976581573486328,0.977607727050781,0.980209350585938,0.972690582275391
0.996372222900391,0.304620853080569,0.256064121493356,0.976390838623047,0.960212707519531,0.965827941894531,0.962387084960938,0.994121551513672,0.978061676025391,0.970890045166016,0.979827880859375,0.967185974121094,0.992706298828125,0.97491455078125,0.975601196289062,0.975566864013672,0.971149444580078,0.9603271484375,0.969245910644531,0.964862823486328,0.967041015625,0.978267669677734,0.443144595226954,0.962745666503906,0.963039398193359,0.990772247314453,0.971626281738281,0.986461639404297,0.960056304931641,0.947360992431641,0.980960845947266,0.955879211425781,0.962711334228516,0.989128112792969,0.957206726074219,0.990116119384766,0.973217010498047,0.965400695800781,0.974205017089844,0.982624053955078,0.970684051513672,0.956424713134766,0.955730438232422,0.96795654296875,0.991710662841797,0.985691070556641,0.979759216308594,0.976097106933594,0.976573944091797,0.975101470947266,0.979572296142578,0.971683502197266
0.995986938476562,0.293286631640397,0.21873932353946,0.973987579345703,0.960140228271484,0.962184906005859,0.958969116210938,0.993736267089844,0.977176666259766,0.97210693359375,0.978889465332031,0.969585418701172,0.992145538330078,0.974433898925781,0.975364685058594,0.976703643798828,0.970191955566406,0.959720611572266,0.968437194824219,0.966457366943359,0.965682983398438,0.97509765625,0.468277208394339,0.963241577148438,0.964958190917969,0.990352630615234,0.969108581542969,0.985851287841797,0.959510803222656,0.951297760009766,0.978748321533203,0.955581665039062,0.960597991943359,0.988300323486328,0.957015991210938,0.988918304443359,0.973045349121094,0.964626312255859,0.972755432128906,0.982780456542969,0.96990966796875,0.953475952148438,0.956703186035156,0.965202331542969,0.990558624267578,0.984588623046875,0.978065490722656,0.974899291992188,0.975055694580078,0.972724914550781,0.979377746582031,0.968917846679688
0.995620727539062,0.99420166015625,0.260670468290997,0.971195220947266,0.960506439208984,0.961215972900391,0.957618713378906,0.993335723876953,0.979015350341797,0.971923828125,0.979358673095703,0.967231750488281,0.991790771484375,0.973770141601562,0.974323272705078,0.976730346679688,0.969184875488281,0.958808898925781,0.969112396240234,0.965885162353516,0.964469909667969,0.968547821044922,0.379830348727615,0.960365295410156,0.967063903808594,0.990097045898438,0.969982147216797,0.985462188720703,0.9593505859375,0.958110809326172,0.976829528808594,0.956733703613281,0.958415985107422,0.987659454345703,0.954048156738281,0.987689971923828,0.972633361816406,0.964569091796875,0.971843719482422,0.9827880859375,0.969364166259766,0.950904846191406,0.958576202392578,0.963329315185547,0.989547729492188,0.983615875244141,0.975818634033203,0.975234985351562,0.976264953613281,0.970043182373047,0.978809356689453,0.966537475585938
0.995269775390625,0.993701934814453,0.277585310930192,0.969863891601562,0.9627685546875,0.9632568359375,0.960254669189453,0.992897033691406,0.977775573730469,0.972301483154297,0.982967376708984,0.967140197753906,0.991325378417969,0.971115112304688,0.974533081054688,0.973609924316406,0.969398498535156,0.960002899169922,0.970603942871094,0.968963623046875,0.966060638427734,0.96051025390625,0.150740740740741,0.958538055419922,0.973812103271484,0.989776611328125,0.968036651611328,0.984748840332031,0.960910797119141,0.960910797119141,0.975421905517578,0.95623779296875,0.955734252929688,0.987113952636719,0.953392028808594,0.986602783203125,0.972457885742188,0.965740203857422,0.97174072265625,0.980945587158203,0.968723297119141,0.951519012451172,0.963615417480469,0.961326599121094,0.988536834716797,0.982807159423828,0.973674774169922,0.976161956787109,0.978958129882812,0.968215942382812,0.978191375732422,0.962333679199219
0.994930267333984,0.993110656738281,0.323796142546941,0.970619201660156,0.967460632324219,0.962409973144531,0.963302612304688,0.992477416992188,0.977294921875,0.971225738525391,0.986114501953125,0.966121673583984,0.990943908691406,0.971710205078125,0.979019165039062,0.971626281738281,0.970188140869141,0.965675354003906,0.973106384277344,0.970565795898438,0.969654083251953,0.957756042480469,0.972660064697266,0.958137512207031,0.978305816650391,0.989604949951172,0.963676452636719,0.984058380126953,0.962848663330078,0.966285705566406,0.973209381103516,0.958187103271484,0.955554962158203,0.986370086669922,0.953456878662109,0.985572814941406,0.9732666015625,0.965587615966797,0.971889495849609,0.978797912597656,0.968368530273438,0.946384429931641,0.963085174560547,0.959415435791016,0.9876708984375,0.982135772705078,0.971874237060547,0.975475311279297,0.980567932128906,0.966400146484375,0.978008270263672,0.958457946777344
0.994594573974609,0.992706298828125,0.295183060934064,0.970550537109375,0.973377227783203,0.963577270507812,0.966365814208984,0.992088317871094,0.977272033691406,0.97210693359375,0.992202758789062,0.968593597412109,0.990364074707031,0.970405578613281,0.984710693359375,0.971122741699219,0.970405578613281,0.962627410888672,0.976108551025391,0.972122192382812,0.972511291503906,0.960002899169922,0.970111846923828,0.971805572509766,0.981849670410156,0.9896240234375,0.959964752197266,0.982841491699219,0.963359832763672,0.970905303955078,0.971363067626953,0.961456298828125,0.956935882568359,0.985721588134766,0.948703765869141,0.984542846679688,0.974491119384766,0.96527099609375,0.973018646240234,0.976814270019531,0.967693328857422,0.940299987792969,0.966781616210938,0.958736419677734,0.986869812011719,0.9814453125,0.970542907714844,0.976818084716797,0.982692718505859,0.966503143310547,0.974517822265625,0.958217620849609
0.994274139404297,0.992195129394531,0.276089537798496,0.972209930419922,0.980915069580078,0.964511871337891,0.971138000488281,0.991744995117188,0.976669311523438,0.972660064697266,0.987861633300781,0.970218658447266,0.989166259765625,0.969902038574219,0.987323760986328,0.971908569335938,0.970195770263672,0.967430114746094,0.977382659912109,0.975597381591797,0.978057861328125,0.960338592529297,0.975040435791016,0.978321075439453,0.987270355224609,0.989753723144531,0.9583740234375,0.981075286865234,0.966403961181641,0.977272033691406,0.96954345703125,0.963142395019531,0.960098266601562,0.985237121582031,0.951225280761719,0.983512878417969,0.975471496582031,0.964656829833984,0.972019195556641,0.972850799560547,0.967338562011719,0.941265106201172,0.961219787597656,0.958423614501953,0.986129760742188,0.980892181396484,0.970104217529297,0.978321075439453,0.985679626464844,0.967048645019531,0.972053527832031,0.960056304931641
0.993980407714844,0.991748809814453,0.272348268749726,0.975643157958984,0.989036560058594,0.965457916259766,0.975719451904297,0.991390228271484,0.97186279296875,0.973320007324219,0.988716125488281,0.976505279541016,0.987876892089844,0.971420288085938,0.990489959716797,0.973423004150391,0.969554901123047,0.978065490722656,0.982460021972656,0.981025695800781,0.985054016113281,0.959724426269531,0.975124359130859,0.978763580322266,0.991905212402344,0.989780426025391,0.961856842041016,0.979484558105469,0.968315124511719,0.9805908203125,0.967899322509766,0.967842102050781,0.959880828857422,0.984806060791016,0.95806884765625,0.98248291015625,0.974433898925781,0.964817047119141,0.970088958740234,0.972740173339844,0.967033386230469,0.939117431640625,0.962898254394531,0.958576202392578,0.985382080078125,0.980262756347656,0.970504760742188,0.983100891113281,0.989639282226562,0.969142913818359,0.972145080566406,0.962947845458984
0.993602752685547,0.991207122802734,0.251936604042383,0.980674743652344,0.996952056884766,0.967636108398438,0.981941223144531,0.991050720214844,0.966083526611328,0.976207733154297,0.988853454589844,0.982208251953125,0.986865997314453,0.973537445068359,0.993709564208984,0.976570129394531,0.973770141601562,0.978561401367188,0.988155364990234,0.987396240234375,0.992942810058594,0.960140228271484,0.975265502929688,0.981639862060547,0.994575500488281,0.989280700683594,0.969642639160156,0.978130340576172,0.978733062744141,0.983558654785156,0.966732025146484,0.972969055175781,0.95953369140625,0.984100341796875,0.966842651367188,0.981410980224609,0.974830627441406,0.969966888427734,0.967983245849609,0.972747802734375,0.966922760009766,0.941379547119141,0.963001251220703,0.957992553710938,0.984458923339844,0.979789733886719,0.971954345703125,0.986385345458984,0.993324279785156,0.971366882324219,0.974044799804688,0.966682434082031
0.993366241455078,0.990634918212891,0.238917674150835,0.986442565917969,0,0.970455169677734,0.98956298828125,0.990688323974609,0.965461730957031,0.979660034179688,0.988761901855469,0.98834228515625,0.985984802246094,0.979572296142578,0.998687744140625,0.980758666992188,0.971523284912109,0.987037658691406,0.988716125488281,0.990741729736328,0.992965698242188,0.96246337890625,0.976818084716797,0.985313415527344,0.996768951416016,0.988491058349609,0.976181030273438,0.977413177490234,0.981212615966797,0.986251831054688,0.965579986572266,0.979873657226562,0.957786560058594,0.982933044433594,0.977043151855469,0.980323791503906,0.977108001708984,0.974994659423828,0.966453552246094,0.973091125488281,0.966785430908203,0.941913604736328,0.966361999511719,0.956409454345703,0.983562469482422,0.979248046875,0.973186492919922,0.987606048583984,0.996219635009766,0.972885131835938,0.975269317626953,0.973049163818359
0.993038177490234,0.990253448486328,0.21496836133537,0.992816925048828,0,0.97369384765625,0.99383544921875,0.990314483642578,0.964267730712891,0.983776092529297,0.989414215087891,0.992321014404297,0.98504638671875,0.979904174804688,0,0.985397338867188,0.973308563232422,0.990379333496094,0.987998962402344,0.994052886962891,0,0.966007232666016,0.974056243896484,0.978645324707031,0.998893737792969,0.987678527832031,0.978172302246094,0.976612091064453,0.985294342041016,0.989910125732422,0.963649749755859,0.985015869140625,0.956951141357422,0.981678009033203,0.991653442382812,0.979270935058594,0.980194091796875,0.977005004882812,0.964057922363281,0.973850250244141,0.966983795166016,0.944252014160156,0.970027923583984,0.955520629882812,0.982837677001953,0.978664398193359,0.972805023193359,0.988849639892578,0.998374938964844,0.973770141601562,0.978919982910156,0.977424621582031
0.992668151855469,0.989643096923828,0.216222163541942,0.998943328857422,0,0.978595733642578,0,0.989864349365234,0.959850311279297,0.988285064697266,0.997348785400391,0.997230529785156,0.984359741210938,0.984386444091797,0,0.9901123046875,0.975685119628906,0.992725372314453,0.988883972167969,0.997844696044922,0,0.972118377685547,0.9693603515625,0.986927032470703,0,0.986942291259766,0.978549957275391,0.975337982177734,0.989967346191406,0.994998931884766,0.962116241455078,0.987464904785156,0.956531524658203,0.980159759521484,0.996425628662109,0.978324890136719,0.983848571777344,0.981376647949219,0.963680267333984,0.974086761474609,0.966537475585938,0.94854736328125,0.970684051513672,0.955806732177734,0.982170104980469,0.978439331054688,0.974166870117188,0.989112854003906,0,0.976104736328125,0.982700347900391,0.982109069824219
0.992355346679688,0.989253997802734,0.221307189542484,0,0,0.981868743896484,0,0.989524841308594,0.960250854492188,0.993888854980469,0.990936279296875,0,0.983963012695312,0.989723205566406,0,0.993980407714844,0.977825164794922,0.997562408447266,0.989841461181641,0,0,0.980438232421875,0.9691162109375,0.993324279785156,0,0.986160278320312,0.979362487792969,0.973518371582031,0.993343353271484,0,0.960765838623047,0.991138458251953,0.956069946289062,0.978755950927734,0,0.977748870849609,0.988018035888672,0.989028930664062,0.963649749755859,0.972881317138672,0.964263916015625,0.95159912109375,0.974212646484375,0.954784393310547,0.981540679931641,0.978164672851562,0.974235534667969,0.989048004150391,0,0.97698974609375,0.988151550292969,0.987754821777344
0.992084503173828,0.988636016845703,0.257413384979557,0,0,0.987030029296875,0,0.9892578125,0.959793090820312,0.996707916259766,0.992198944091797,0,0.983634948730469,0.994651794433594,0,0.996685028076172,0.980434417724609,0.999412536621094,0.992515563964844,0,0,0.991596221923828,0.970855712890625,0,0,0.985813140869141,0.981147766113281,0.972053527832031,0.997348785400391,0,0.959087371826172,0.996726989746094,0.956501007080078,0.977066040039062,0,0.977260589599609,0.991664886474609,0.99566650390625,0.964469909667969,0.973136901855469,0.963794708251953,0.954460144042969,0.974334716796875,0.953277587890625,0.980964660644531,0.977817535400391,0.975791931152344,0.992408752441406,0,0.980186462402344,0.995517730712891,0.994686126708984
0.991729736328125,0.988002777099609,0.261486150273677,0,0,0.990989685058594,0,0.988948822021484,0.958847045898438,0.998409271240234,0.993862152099609,0,0.983257293701172,0.998725891113281,0,0.999336242675781,0.983356475830078,0,0.995506286621094,0,0,0.996303558349609,0.974811553955078,0,0,0.985176086425781,0.987480163574219,0.970611572265625,0.999050140380859,0,0.957729339599609,0,0.955875396728516,0.975517272949219,0,0.977127075195312,0.995410919189453,0.999141693115234,0.965885162353516,0.973644256591797,0.963985443115234,0.959529876708984,0.976547241210938,0.952404022216797,0.980339050292969,0.976856231689453,0.976566314697266,0.996540069580078,0,0.981689453125,0.998878479003906,0
0.991420745849609,0.987644195556641,0.247275742261529,0,0,0.994796752929688,0,0.988662719726562,0.959278106689453,0,0.995807647705078,0,0.982715606689453,0,0,0,0.986888885498047,0,0.998340606689453,0,0,0.999530792236328,0.98040771484375,0,0,0.984611511230469,0.996334075927734,0.969913482666016,0.999996185302734,0,0.956550598144531,0,0.955318450927734,0.974391937255859,0,0.976688385009766,0.999107360839844,0,0.966732025146484,0.974597930908203,0.964092254638672,0.966163635253906,0.98040771484375,0.952381134033203,0.979747772216797,0.975986480712891,0.977706909179688,0,0,0.982666015625,0,0
0.991180419921875,0.987106323242188,0.222725385863618,0,0,0.997493743896484,0,0.988361358642578,0.960723876953125,0,0.998870849609375,0,0.982185363769531,0,0,0,0.990913391113281,0,0,0,0,0,0.9754638671875,0,0,0.983833312988281,0,0.968948364257812,0,0,0.955177307128906,0,0.955886840820312,0.973182678222656,0,0.97601318359375,0,0,0.968181610107422,0.975303649902344,0.964317321777344,0.974071502685547,0.981311798095703,0.953159332275391,0.979476928710938,0.975261688232422,0.97711181640625,0,0,0.984420776367188,0,0
0.990909576416016,0.986705780029297,0.216903159742539,0,0,0.999458312988281,0,0.988090515136719,0.961463928222656,0,0,0,0.981491088867188,0,0,0,0.992668151855469,0,0,0,0,0,0.975933074951172,0,0,0.983848571777344,0,0.968273162841797,0,0,0.954490661621094,0,0.956222534179688,0.972145080566406,0,0.975250244140625,0,0,0.969764709472656,0.976886749267578,0.964153289794922,0.974300384521484,0.985721588134766,0.953926086425781,0.978923797607422,0.974308013916016,0.976802825927734,0,0,0.986320495605469,0,0
0.990688323974609,0.986244201660156,0.238324592386457,0,0,0,0,0.987880706787109,0.963096618652344,0,0,0,0.981094360351562,0,0,0,0.994205474853516,0,0,0,0,0,0.982364654541016,0,0,0.983772277832031,0,0.967597961425781,0,0,0.953857421875,0,0.957115173339844,0.971237182617188,0,0.974571228027344,0,0,0.972053527832031,0.978755950927734,0.963260650634766,0.974632263183594,0.992305755615234,0.954414367675781,0.978553771972656,0.973381042480469,0.976226806640625,0,0,0.988208770751953,0,0
0.990486145019531,0.985698699951172,0.169921286216714,0,0,0,0,0.987594604492188,0.965000152587891,0,0,0,0.98065185546875,0,0,0,0.995937347412109,0,0,0,0,0,0.980632781982422,0,0,0.983783721923828,0,0.967014312744141,0,0,0.952083587646484,0,0.958381652832031,0.970252990722656,0,0.973796844482422,0,0,0.974346160888672,0.982067108154297,0.963417053222656,0.975391387939453,0.997337341308594,0.955032348632812,0.978206634521484,0.972255706787109,0.975643157958984,0,0,0.990398406982422,0,0
0.990180969238281,0.985378265380859,0.22480833361983,0,0,0,0,0.987499237060547,0.967323303222656,0,0,0,0.980792999267578,0,0,0,0.997615814208984,0,0,0,0,0,0.980323791503906,0,0,0.983665466308594,0,0.967784881591797,0,0,0.950691223144531,0,0.960906982421875,0.969364166259766,0,0.973133087158203,0,0,0.977062225341797,0.985157012939453,0.964611053466797,0.975994110107422,0,0.955101013183594,0.978023529052734,0.971305847167969,0.975982666015625,0,0,0.992767333984375,0,0
0.989902496337891,0.985012054443359,0.227158366362226,0,0,0,0,0.987373352050781,0.970962524414062,0,0,0,0.980792999267578,0,0,0,0.999301910400391,0,0,0,0,0,0.980251312255859,0,0,0.983268737792969,0,0.968021392822266,0,0,0.949893951416016,0,0.963481903076172,0.969329833984375,0,0.972576141357422,0,0,0.980716705322266,0.988162994384766,0.965053558349609,0.977931976318359,0,0.954235076904297,0.977836608886719,0.971187591552734,0.977615356445312,0,0,0.996597290039062,0,0
0.989639282226562,0.984752655029297,0.254366621162799,0,0,0,0,0.987277984619141,0.974700927734375,0,0,0,0.980720520019531,0,0,0,0,0,0,0,0,0,0.981468200683594,0,0,0.981441497802734,0,0.968479156494141,0,0,0.949020385742188,0,0.966907501220703,0.968677520751953,0,0.972488403320312,0,0,0.984897613525391,0.990856170654297,0.965023040771484,0.97918701171875,0,0.954185485839844,0.978012084960938,0.970848083496094,0.979446411132812,0,0,0,0,0
0.989376068115234,0.984310150146484,0.244814001324827,0,0,0,0,0.986995697021484,0.977001190185547,0,0,0,0.980823516845703,0,0,0,0,0,0,0,0,0,0.982749938964844,0,0,0.979484558105469,0,0.968864440917969,0,0,0.948257446289062,0,0.970314025878906,0.968212127685547,0,0.972362518310547,0,0,0.988845825195312,0.991828918457031,0.965572357177734,0.980026245117188,0,0.955707550048828,0.977931976318359,0.970241546630859,0.981700897216797,0,0,0,0,0
0.989128112792969,0.983627319335938,0.24327252393933,0,0,0,0,0.986824035644531,0.981216430664062,0,0,0,0.980476379394531,0,0,0,0,0,0,0,0,0,0.990921020507812,0,0,0.977699279785156,0,0.9688720703125,0,0,0.947330474853516,0,0.975002288818359,0.967796325683594,0,0.971923828125,0,0,0.992557525634766,0.993499755859375,0.967075347900391,0.982048034667969,0,0.956394195556641,0.977672576904297,0.969985961914062,0.983985900878906,0,0,0,0,0
0.988941192626953,0.9832763671875,0.239150959890898,0,0,0,0,0.986629486083984,0.984943389892578,0,0,0,0.980422973632812,0,0,0,0,0,0,0,0,0,0.991687774658203,0,0,0.976768493652344,0,0.968147277832031,0,0,0.946937561035156,0,0.979434967041016,0.967708587646484,0,0.971813201904297,0,0,0.994541168212891,0.994853973388672,0.96856689453125,0.984214782714844,0,0.957386016845703,0.977489471435547,0.96978759765625,0.984806060791016,0,0,0,0,0
0.988739013671875,0.982784271240234,0.0612194693375505,0,0,0,0,0.986549377441406,0.988002777099609,0,0,0,0.980697631835938,0,0,0,0,0,0,0,0,0,0.986747741699219,0,0,0.976177215576172,0,0.967987060546875,0,0,0.946689605712891,0,0.983615875244141,0.96746826171875,0,0.971099853515625,0,0,0.996562957763672,0.996391296386719,0.970653533935547,0.987422943115234,0,0.959323883056641,0.977245330810547,0.970008850097656,0.986148834228516,0,0,0,0,0
0.988513946533203,0.982524871826172,0.050639152023101,0,0,0,0,0.986507415771484,0.989173889160156,0,0,0,0.980587005615234,0,0,0,0,0,0,0,0,0,0.987888336181641,0,0,0.975761413574219,0,0.968540191650391,0,0,0.946537017822266,0,0.985210418701172,0.967079162597656,0,0.969993591308594,0,0,0.999237060546875,0.998409271240234,0.973434448242188,0.989994049072266,0,0.961536407470703,0.976970672607422,0.970005035400391,0.988224029541016,0,0,0,0,0
0.988307952880859,0.982097625732422,0.236089280100597,0,0,0,0,0.986560821533203,0.990497589111328,0,0,0,0.98016357421875,0,0,0,0,0,0,0,0,0,0.988964080810547,0,0,0.975212097167969,0,0.968772888183594,0,0,0.946617126464844,0,0.987071990966797,0.96636962890625,0,0.970554351806641,0,0,0,0.999458312988281,0.976688385009766,0.993160247802734,0,0.965225219726562,0.977024078369141,0.970066070556641,0.990890502929688,0,0,0,0,0
0.988155364990234,0.981452941894531,0.0156362588269203,0,0,0,0,0.986522674560547,0.991920471191406,0,0,0,0.979850769042969,0,0,0,0,0,0,0,0,0,0.990337371826172,0,0,0.974857330322266,0,0.967613220214844,0,0,0.946704864501953,0,0.989471435546875,0.966163635253906,0,0.971202850341797,0,0,0,0.999977111816406,0.979835510253906,0.997161865234375,0,0.968936920166016,0.977092742919922,0.970333099365234,0.994010925292969,0,0,0,0,0
0.987987518310547,0.981151580810547,0.0229732714822178,0,0,0,0,0.986534118652344,0.993862152099609,0,0,0,0.980361938476562,0,0,0,0,0,0,0,0,0,0.991565704345703,0,0,0.974372863769531,0,0.966445922851562,0,0,0.947284698486328,0,0.992767333984375,0.965850830078125,0,0.971847534179688,0,0,0,0,0.983222961425781,0,0,0.972160339355469,0.977096557617188,0.971179962158203,0.996410369873047,0,0,0,0,0
0.987804412841797,0.980766296386719,0.0146782085058336,0,0,0,0,0.986568450927734,0.996482849121094,0,0,0,0.980937957763672,0,0,0,0,0,0,0,0,0,0.993743896484375,0,0,0.973766326904297,0,0.965457916259766,0,0,0.947357177734375,0,0.995136260986328,0.965171813964844,0,0.972732543945312,0,0,0,0,0.986583709716797,0,0,0.977413177490234,0.977035522460938,0.971843719482422,0.998043060302734,0,0,0,0,0
0.987636566162109,0.980525970458984,0.00580358836247771,0,0,0,0,0.986610412597656,0,0,0,0,0.981105804443359,0,0,0,0,0,0,0,0,0,0.994979858398438,0,0,0.972690582275391,0,0.964725494384766,0,0,0.947513580322266,0,0.998485565185547,0.964088439941406,0,0.973052978515625,0,0,0,0,0.990345001220703,0,0,0.981002807617188,0.976955413818359,0.972660064697266,0.999446868896484,0,0,0,0,0
0.987480163574219,0.980197906494141,0.9541334602701,0,0,0,0,0.986652374267578,0,0,0,0,0.981216430664062,0,0,0,0,0,0,0,0,0,0.991252899169922,0,0,0.97161865234375,0,0.965919494628906,0,0,0.947395324707031,0,0,0.963123321533203,0,0.972862243652344,0,0,0,0,0.994232177734375,0,0,0.985824584960938,0.977039337158203,0.972770690917969,0,0,0,0,0,0
0.987350463867188,0.979652404785156,0.95481803548995,0,0,0,0,0.986736297607422,0,0,0,0,0.981338500976562,0,0,0,0,0,0,0,0,0,0.999687194824219,0,0,0.971015930175781,0,0.967845916748047,0,0,0.948051452636719,0,0,0.962425231933594,0,0.972614288330078,0,0,0,0,0.995990753173828,0,0,0.990135192871094,0.976459503173828,0.973217010498047,0,0,0,0,0,0
0.987144470214844,0.979377746582031,0.956729448021357,0,0,0,0,0.986778259277344,0,0,0,0,0.981613159179688,0,0,0,0,0,0,0,0,0,0,0,0,0.970539093017578,0,0.970687866210938,0,0,0.948799133300781,0,0,0.962207794189453,0,0.972293853759766,0,0,0,0,0.997520446777344,0,0,0.994304656982422,0.975383758544922,0.973724365234375,0,0,0,0,0,0
0.986968994140625,0.979053497314453,0.955112476444724,0,0,0,0,0.986911773681641,0,0,0,0,0.982009887695312,0,0,0,0,0,0,0,0,0,0,0,0,0.970119476318359,0,0.972908020019531,0,0,0.949764251708984,0,0,0.961124420166016,0,0.972743988037109,0,0,0,0,0.998512268066406,0,0,0.997703552246094,0.974830627441406,0.974449157714844,0,0,0,0,0,0
0.986892700195312,0.978858947753906,0.9580078125,0,0,0,0,0.987102508544922,0,0,0,0,0.982223510742188,0,0,0,0,0,0,0,0,0,0,0,0,0.970401763916016,0,0.975025177001953,0,0,0.951015472412109,0,0,0.960369110107422,0,0.972862243652344,0,0,0,0,0.999607086181641,0,0,0,0.974567413330078,0.975067138671875,0,0,0,0,0,0
0.986770629882812,0.978546142578125,0.959067799937186,0,0,0,0,0.986888885498047,0,0,0,0,0.982295989990234,0,0,0,0,0,0,0,0,0,0,0,0,0.970043182373047,0,0.976371765136719,0,0,0.952388763427734,0,0,0.960151672363281,0,0.972377777099609,0,0,0,0,0,0,0,0,0.974071502685547,0.976119995117188,0,0,0,0,0,0
0.986656188964844,0.978054046630859,0.961030739635678,0,0,0,0,0.986747741699219,0,0,0,0,0.982563018798828,0,0,0,0,0,0,0,0,0,0,0,0,0.970283508300781,0,0.976703643798828,0,0,0.953929901123047,0,0,0.960189819335938,0,0.9720458984375,0,0,0,0,0,0,0,0,0.974018096923828,0.978286743164062,0,0,0,0,0,0
0.986515045166016,0.977767944335938,0.959897141959799,0,0,0,0,0.986476898193359,0,0,0,0,0.982978820800781,0,0,0,0,0,0,0,0,0,0,0,0,0.971035003662109,0,0.977062225341797,0,0,0.955192565917969,0,0,0.960102081298828,0,0.969993591308594,0,0,0,0,0,0,0,0,0.97412109375,0.980361938476562,0,0,0,0,0,0
0.986427307128906,0.977546691894531,0.959610062028894,0,0,0,0,0.986518859863281,0,0,0,0,0.983432769775391,0,0,0,0,0,0,0,0,0,0,0,0,0.9705810546875,0,0.977512359619141,0,0,0.956611633300781,0,0,0.960788726806641,0,0.971328735351562,0,0,0,0,0,0,0,0,0.97430419921875,0.980831146240234,0,0,0,0,0,0
0.986331939697266,0.977287292480469,0.959315621074121,0,0,0,0,0.986763000488281,0,0,0,0,0.984088897705078,0,0,0,0,0,0,0,0,0,0,0,0,0.969894409179688,0,0.978004455566406,0,0,0.958057403564453,0,0,0.961116790771484,0,0.975383758544922,0,0,0,0,0,0,0,0,0.974105834960938,0.981517791748047,0,0,0,0,0,0
0.986209869384766,0.977046966552734,0.958770905307789,0,0,0,0,0.987232208251953,0,0,0,0,0.984767913818359,0,0,0,0,0,0,0,0,0,0,0,0,0.970302581787109,0,0.978664398193359,0,0,0.958713531494141,0,0,0.961498260498047,0,0.971450805664062,0,0,0,0,0,0,0,0,0.974498748779297,0.982139587402344,0,0,0,0,0,0
0.986057281494141,0.976718902587891,0.957831147927136,0,0,0,0,0.987098693847656,0,0,0,0,0.985649108886719,0,0,0,0,0,0,0,0,0,0,0,0,0.970390319824219,0,0.979511260986328,0,0,0.959232330322266,0,0,0.962738037109375,0,0.970264434814453,0,0,0,0,0,0,0,0,0.974525451660156,0.982955932617188,0,0,0,0,0,0
0.986015319824219,0.976455688476562,0.955860847204774,0,0,0,0,0.986881256103516,0,0,0,0,0.986675262451172,0,0,0,0,0,0,0,0,0,0,0,0,0.970592498779297,0,0.980789184570312,0,0,0.960163116455078,0,0,0.964122772216797,0,0.970134735107422,0,0,0,0,0,0,0,0,0.974754333496094,0.983673095703125,0,0,0,0,0,0
0.985912322998047,0.976108551025391,0.956302508636935,0,0,0,0,0.986648559570312,0,0,0,0,0.987510681152344,0,0,0,0,0,0,0,0,0,0,0,0,0.971233367919922,0,0.982284545898438,0,0,0.961860656738281,0,0,0.964630126953125,0,0.970485687255859,0,0,0,0,0,0,0,0,0.975448608398438,0.984722137451172,0,0,0,0,0,0
0.985645294189453,0.975887298583984,0.956150380810301,0,0,0,0,0.986392974853516,0,0,0,0,0.988471984863281,0,0,0,0,0,0,0,0,0,0,0,0,0.972583770751953,0,0.983840942382812,0,0,0.963405609130859,0,0,0.965011596679688,0,0.971240997314453,0,0,0,0,0,0,0,0,0.976520538330078,0.985198974609375,0,0,0,0,0,0
0.985584259033203,0.975601196289062,0.957664298052764,0,0,0,0,0.986412048339844,0,0,0,0,0.989524841308594,0,0,0,0,0,0,0,0,0,0,0,0,0.973014831542969,0,0.985774993896484,0,0,0.965045928955078,0,0,0.96563720703125,0,0.971969604492188,0,0,0,0,0,0,0,0,0.977054595947266,0.985519409179688,0,0,0,0,0,0
0.98553466796875,0.975193023681641,0.956300054962312,0,0,0,0,0.986404418945312,0,0,0,0,0.990505218505859,0,0,0,0,0,0,0,0,0,0,0,0,0.973819732666016,0,0.988002777099609,0,0,0.967567443847656,0,0,0.966434478759766,0,0.972850799560547,0,0,0,0,0,0,0,0,0.977256774902344,0.987232208251953,0,0,0,0,0,0
0.985569000244141,0.974906921386719,0.953220693310301,0,0,0,0,0.985858917236328,0,0,0,0,0.991329193115234,0,0,0,0,0,0,0,0,0,0,0,0,0.974525451660156,0,0.990936279296875,0,0,0.968559265136719,0,0,0.965744018554688,0,0.973659515380859,0,0,0,0,0,0,0,0,0.977649688720703,0.988208770751953,0,0,0,0,0,0
0.98553466796875,0.974590301513672,0.949461663787688,0,0,0,0,0.985446929931641,0,0,0,0,0.991916656494141,0,0,0,0,0,0,0,0,0,0,0,0,0.974472045898438,0,0.994800567626953,0,0,0.969730377197266,0,0,0.966293334960938,0,0.974361419677734,0,0,0,0,0,0,0,0,0.978153228759766,0.9886474609375,0,0,0,0,0,0
0.985466003417969,0.974334716796875,0.947459465295226,0,0,0,0,0.985286712646484,0,0,0,0,0.992385864257812,0,0,0,0,0,0,0,0,0,0,0,0,0.973953247070312,0,0.997516632080078,0,0,0.969924926757812,0,0,0.965660095214844,0,0.975421905517578,0,0,0,0,0,0,0,0,0.978839874267578,0.988845825195312,0,0,0,0,0,0
0.985382080078125,0.974086761474609,0.947616500471106,0,0,0,0,0.985267639160156,0,0,0,0,0.992866516113281,0,0,0,0,0,0,0,0,0,0,0,0,0.974903106689453,0,0.999588012695312,0,0,0.970527648925781,0,0,0.965187072753906,0,0.976875305175781,0,0,0,0,0,0,0,0,0.979339599609375,0.988597869873047,0,0,0,0,0,0
0.985454559326172,0.973758697509766,0.93919303548995,0,0,0,0,0.985301971435547,0,0,0,0,0.993404388427734,0,0,0,0,0,0,0,0,0,0,0,0,0.975845336914062,0,0,0,0,0.971363067626953,0,0,0.963798522949219,0,0.978664398193359,0,0,0,0,0,0,0,0,0.980262756347656,0.988212585449219,0,0,0,0,0,0
0.985530853271484,0.973506927490234,0.94467454459799,0,0,0,0,0.985397338867188,0,0,0,0,0.993968963623047,0,0,0,0,0,0,0,0,0,0,0,0,0.976631164550781,0,0,0,0,0.971927642822266,0,0,0.962776184082031,0,0.980415344238281,0,0,0,0,0,0,0,0,0.981281280517578,0.987342834472656,0,0,0,0,0,0
0.9857177734375,0.973342895507812,0.944978800251256,0,0,0,0,0.985126495361328,0,0,0,0,0.994640350341797,0,0,0,0,0,0,0,0,0,0,0,0,0.978473663330078,0,0,0,0,0.972736358642578,0,0,0.96240234375,0,0.981658935546875,0,0,0,0,0,0,0,0,0.981647491455078,0.987098693847656,0,0,0,0,0,0
0.985950469970703,0.973091125488281,0.947731823178392,0,0,0,0,0.984947204589844,0,0,0,0,0.995365142822266,0,0,0,0,0,0,0,0,0,0,0,0,0.980033874511719,0,0,0,0,0.973735809326172,0,0,0.962776184082031,0,0.982612609863281,0,0,0,0,0,0,0,0,0.982242584228516,0.987091064453125,0,0,0,0,0,0
0.985980987548828,0.972793579101562,0.946850953988693,0,0,0,0,0.984886169433594,0,0,0,0,0.996055603027344,0,0,0,0,0,0,0,0,0,0,0,0,0.980453491210938,0,0,0,0,0.973972320556641,0,0,0.962989807128906,0,0.983699798583984,0,0,0,0,0,0,0,0,0.983325958251953,0.987277984619141,0,0,0,0,0,0
0.985912322998047,0.972358703613281,0.946870583385678,0,0,0,0,0.984676361083984,0,0,0,0,0.996807098388672,0,0,0,0,0,0,0,0,0,0,0,0,0.980815887451172,0,0,0,0,0.974601745605469,0,0,0.963142395019531,0,0.985141754150391,0,0,0,0,0,0,0,0,0.984592437744141,0.987361907958984,0,0,0,0,0,0
0.985885620117188,0.979167938232422,0.946612947550251,0,0,0,0,0.984390258789062,0,0,0,0,0.997478485107422,0,0,0,0,0,0,0,0,0,0,0,0,0.981437683105469,0,0,0,0,0.975429534912109,0,0,0.963874816894531,0,0.986656188964844,0,0,0,0,0,0,0,0,0.985328674316406,0.987205505371094,0,0,0,0,0,0
0.985904693603516,0.979915618896484,0.934454989792714,0,0,0,0,0.984729766845703,0,0,0,0,0.998188018798828,0,0,0,0,0,0,0,0,0,0,0,0,0.981971740722656,0,0,0,0,0.977008819580078,0,0,0.964458465576172,0,0.987869262695312,0,0,0,0,0,0,0,0,0.986377716064453,0.9866943359375,0,0,0,0,0,0
0.985950469970703,0.979160308837891,0.933851385835427,0,0,0,0,0.984867095947266,0,0,0,0,0.998928070068359,0,0,0,0,0,0,0,0,0,0,0,0,0.981868743896484,0,0,0,0,0.978347778320312,0,0,0.965358734130859,0,0.988517761230469,0,0,0,0,0,0,0,0,0.987209320068359,0.986701965332031,0,0,0,0,0,0
0.985870361328125,0.978195190429688,0.946338135992462,0,0,0,0,0.984714508056641,0,0,0,0,0.999656677246094,0,0,0,0,0,0,0,0,0,0,0,0,0.982318878173828,0,0,0,0,0.979171752929688,0,0,0.966323852539062,0,0.98919677734375,0,0,0,0,0,0,0,0,0.988124847412109,0.986660003662109,0,0,0,0,0,0
0.985935211181641,0.971473693847656,0.932960701947236,0,0,0,0,0.984603881835938,0,0,0,0,0,0,0,0,0,0,0,0,0,0,0,0,0,0.983001708984375,0,0,0,0,0.979595184326172,0,0,0.967319488525391,0,0.989757537841797,0,0,0,0,0,0,0,0,0.988986968994141,0.986488342285156,0,0,0,0,0,0
0.985980987548828,0.971393585205078,0.934884382851759,0,0,0,0,0.984272003173828,0,0,0,0,0,0,0,0,0,0,0,0,0,0,0,0,0,0.983470916748047,0,0,0,0,0.979705810546875,0,0,0.968250274658203,0,0.990467071533203,0,0,0,0,0,0,0,0,0.990123748779297,0.986198425292969,0,0,0,0,0,0
0.985782623291016,0.971309661865234,0.935762798366834,0,0,0,0,0.984172821044922,0,0,0,0,0,0,0,0,0,0,0,0,0,0,0,0,0,0.983951568603516,0,0,0,0,0.979953765869141,0,0,0.969417572021484,0,0.991046905517578,0,0,0,0,0,0,0,0,0.984199523925781,0.985836029052734,0,0,0,0,0,0
0.985576629638672,0.970554351806641,0.935689188128141,0,0,0,0,0.984134674072266,0,0,0,0,0,0,0,0,0,0,0,0,0,0,0,0,0,0.984817504882812,0,0,0,0,0.9801025390625,0,0,0.970012664794922,0,0.991798400878906,0,0,0,0,0,0,0,0,0.980033874511719,0.985816955566406,0,0,0,0,0,0
0.985496520996094,0.97027587890625,0.935519884579146,0,0,0,0,0.984039306640625,0,0,0,0,0,0,0,0,0,0,0,0,0,0,0,0,0,0.985836029052734,0,0,0,0,0.980457305908203,0,0,0.970649719238281,0,0.992507934570312,0,0,0,0,0,0,0,0,0.992656707763672,0.986034393310547,0,0,0,0,0,0
0.985370635986328,0.969955444335938,0.936305060458543,0,0,0,0,0.984123229980469,0,0,0,0,0,0,0,0,0,0,0,0,0,0,0,0,0,0.986541748046875,0,0,0,0,0.981075286865234,0,0,0.973030090332031,0,0.993392944335938,0,0,0,0,0,0,0,0,0.993515014648438,0.985740661621094,0,0,0,0,0,0
0.985073089599609,0.969707489013672,0.938898594535176,0,0,0,0,0.984199523925781,0,0,0,0,0,0,0,0,0,0,0,0,0,0,0,0,0,0.986801147460938,0,0,0,0,0.981594085693359,0,0,0.973903656005859,0,0.994106292724609,0,0,0,0,0,0,0,0,0.994495391845703,0.985618591308594,0,0,0,0,0,0
0.98480224609375,0.969619750976562,0.940802646042714,0,0,0,0,0.984115600585938,0,0,0,0,0,0,0,0,0,0,0,0,0,0,0,0,0,0.987216949462891,0,0,0,0,0.982265472412109,0,0,0.9737548828125,0,0.994819641113281,0,0,0,0,0,0,0,0,0.995697021484375,0.985584259033203,0,0,0,0,0,0
0.984516143798828,0.977611541748047,0.943077202418342,0,0,0,0,0.984088897705078,0,0,0,0,0,0,0,0,0,0,0,0,0,0,0,0,0,0.987846374511719,0,0,0,0,0.982940673828125,0,0,0.975387573242188,0,0.995674133300781,0,0,0,0,0,0,0,0,0.996864318847656,0.985469818115234,0,0,0,0,0,0
0.984088897705078,0.969226837158203,0.944235336840452,0,0,0,0,0.984256744384766,0,0,0,0,0,0,0,0,0,0,0,0,0,0,0,0,0,0.988719940185547,0,0,0,0,0.983551025390625,0,0,0.976619720458984,0,0.99639892578125,0,0,0,0,0,0,0,0,0.998012542724609,0.985752105712891,0,0,0,0,0,0
0.983753204345703,0.968822479248047,0.945474442525126,0,0,0,0,0.984378814697266,0,0,0,0,0,0,0,0,0,0,0,0,0,0,0,0,0,0.989543914794922,0,0,0,0,0.9842529296875,0,0,0.977916717529297,0,0.996952056884766,0,0,0,0,0,0,0,0,0.998786926269531,0.985702514648438,0,0,0,0,0,0
0.983371734619141,0.976909637451172,0.946838685615578,0,0,0,0,0.984428405761719,0,0,0,0,0,0,0,0,0,0,0,0,0,0,0,0,0,0.990341186523438,0,0,0,0,0.984905242919922,0,0,0.979225158691406,0,0.997646331787109,0,0,0,0,0,0,0,0,0.999286651611328,0.985729217529297,0,0,0,0,0,0
0.983058929443359,0.968036651611328,0.947606685772613,0,0,0,0,0.984462738037109,0,0,0,0,0,0,0,0,0,0,0,0,0,0,0,0,0,0.991306304931641,0,0,0,0,0.985469818115234,0,0,0.983730316162109,0,0.998390197753906,0,0,0,0,0,0,0,0,0.999782562255859,0.985801696777344,0,0,0,0,0,0
0.982753753662109,0.967739105224609,0.948301075690955,0,0,0,0,0.984531402587891,0,0,0,0,0,0,0,0,0,0,0,0,0,0,0,0,0,0.992172241210938,0,0,0,0,0.985996246337891,0,0,0.982402801513672,0,0.999130249023438,0,0,0,0,0,0,0,0,0,0.985691070556641,0,0,0,0,0,0
0.982517242431641,0.9674072265625,0.949400321922111,0,0,0,0,0.984767913818359,0,0,0,0,0,0,0,0,0,0,0,0,0,0,0,0,0,0.993080139160156,0,0,0,0,0.986606597900391,0,0,0.983570098876953,0,0.9998779296875,0,0,0,0,0,0,0,0,0,0.985832214355469,0,0,0,0,0,0
0.982303619384766,0.967250823974609,0.950781740734925,0,0,0,0,0.985008239746094,0,0,0,0,0,0,0,0,0,0,0,0,0,0,0,0,0,0.994136810302734,0,0,0,0,0.987152099609375,0,0,0.984340667724609,0,0,0,0,0,0,0,0,0,0,0,0.986156463623047,0,0,0,0,0,0
0.982063293457031,0.967082977294922,0.952386443938442,0,0,0,0,0.985095977783203,0,0,0,0,0,0,0,0,0,0,0,0,0,0,0,0,0,0.995246887207031,0,0,0,0,0.987754821777344,0,0,0.985069274902344,0,0,0,0,0,0,0,0,0,0,0,0.986549377441406,0,0,0,0,0,0
0.981903076171875,0.966835021972656,0.954265958699749,0,0,0,0,0.985370635986328,0,0,0,0,0,0,0,0,0,0,0,0,0,0,0,0,0,0.996433258056641,0,0,0,0,0.988426208496094,0,0,0.985996246337891,0,0,0,0,0,0,0,0,0,0,0,0.986896514892578,0,0,0,0,0,0
0.981746673583984,0.966751098632812,0.956513524654523,0,0,0,0,0.985973358154297,0,0,0,0,0,0,0,0,0,0,0,0,0,0,0,0,0,0.997673034667969,0,0,0,0,0.989089965820312,0,0,0.986583709716797,0,0,0,0,0,0,0,0,0,0,0,0.987274169921875,0,0,0,0,0,0
0.9814453125,0.966629028320312,0.958972106626884,0,0,0,0,0.986255645751953,0,0,0,0,0,0,0,0,0,0,0,0,0,0,0,0,0,0.998867034912109,0,0,0,0,0.989711761474609,0,0,0.987270355224609,0,0,0,0,0,0,0,0,0,0,0,0.987674713134766,0,0,0,0,0,0
0.981277465820312,0.96649169921875,0.96172512955402,0,0,0,0,0.986595153808594,0,0,0,0,0,0,0,0,0,0,0,0,0,0,0,0,0,0.999767303466797,0,0,0,0,0.990348815917969,0,0,0.988037109375,0,0,0,0,0,0,0,0,0,0,0,0.988056182861328,0,0,0,0,0,0
0.980983734130859,0.966384887695312,0.962601091394472,0,0,0,0,0.986862182617188,0,0,0,0,0,0,0,0,0,0,0,0,0,0,0,0,0,0,0,0,0,0,0.991302490234375,0,0,0.988861083984375,0,0,0,0,0,0,0,0,0,0,0,0.988243103027344,0,0,0,0,0,0
0.980617523193359,0.966205596923828,0.963798484610553,0,0,0,0,0.987083435058594,0,0,0,0,0,0,0,0,0,0,0,0,0,0,0,0,0,0,0,0,0,0,0.992240905761719,0,0,0.989471435546875,0,0,0,0,0,0,0,0,0,0,0,0.988510131835938,0,0,0,0,0,0
0.980487823486328,0.966075897216797,0.965150459327889,0,0,0,0,0.987411499023438,0,0,0,0,0,0,0,0,0,0,0,0,0,0,0,0,0,0,0,0,0,0,0.9931640625,0,0,0.990489959716797,0,0,0,0,0,0,0,0,0,0,0,0.989078521728516,0,0,0,0,0,0
0.980075836181641,0.965644836425781,0.966912197707286,0,0,0,0,0.987831115722656,0,0,0,0,0,0,0,0,0,0,0,0,0,0,0,0,0,0,0,0,0,0,0.993953704833984,0,0,0.991184234619141,0,0,0,0,0,0,0,0,0,0,0,0.989704132080078,0,0,0,0,0,0
0.979991912841797,0.965610504150391,0.96878925879397,0,0,0,0,0.988086700439453,0,0,0,0,0,0,0,0,0,0,0,0,0,0,0,0,0,0,0,0,0,0,0.994670867919922,0,0,0.991851806640625,0,0,0,0,0,0,0,0,0,0,0,0.990444183349609,0,0,0,0,0,0
0.979564666748047,0.965717315673828,0.970965668184673,0,0,0,0,0.988368988037109,0,0,0,0,0,0,0,0,0,0,0,0,0,0,0,0,0,0,0,0,0,0,0.995418548583984,0,0,0.992561340332031,0,0,0,0,0,0,0,0,0,0,0,0.991245269775391,0,0,0,0,0,0
0.979225158691406,0.965599060058594,0.972133617305276,0,0,0,0,0.988697052001953,0,0,0,0,0,0,0,0,0,0,0,0,0,0,0,0,0,0,0,0,0,0,0.996089935302734,0,0,0.993377685546875,0,0,0,0,0,0,0,0,0,0,0,0.991813659667969,0,0,0,0,0,0
0.978786468505859,0.965522766113281,0.973441425879397,0,0,0,0,0.988945007324219,0,0,0,0,0,0,0,0,0,0,0,0,0,0,0,0,0,0,0,0,0,0,0.996753692626953,0,0,0.994178771972656,0,0,0,0,0,0,0,0,0,0,0,0.992340087890625,0,0,0,0,0,0
0.978450775146484,0.965320587158203,0.975024046011307,0,0,0,0,0.989273071289062,0,0,0,0,0,0,0,0,0,0,0,0,0,0,0,0,0,0,0,0,0,0,0.99737548828125,0,0,0.994991302490234,0,0,0,0,0,0,0,0,0,0,0,0.993396759033203,0,0,0,0,0,0
0.978355407714844,0.965339660644531,0.976660646984925,0,0,0,0,0.989601135253906,0,0,0,0,0,0,0,0,0,0,0,0,0,0,0,0,0,0,0,0,0,0,0.998630523681641,0,0,0.995662689208984,0,0,0,0,0,0,0,0,0,0,0,0.994495391845703,0,0,0,0,0,0
0.978275299072266,0.965339660644531,0.978439561086683,0,0,0,0,0.989845275878906,0,0,0,0,0,0,0,0,0,0,0,0,0,0,0,0,0,0,0,0,0,0,0.999557495117188,0,0,0.996486663818359,0,0,0,0,0,0,0,0,0,0,0,0.995719909667969,0,0,0,0,0,0
0.978096008300781,0.965309143066406,0.980380417713568,0,0,0,0,0.990291595458984,0,0,0,0,0,0,0,0,0,0,0,0,0,0,0,0,0,0,0,0,0,0,0,0,0,0.997367858886719,0,0,0,0,0,0,0,0,0,0,0,0.996921539306641,0,0,0,0,0,0
0.977947235107422,0.965377807617188,0.982429236023869,0,0,0,0,0.990779876708984,0,0,0,0,0,0,0,0,0,0,0,0,0,0,0,0,0,0,0,0,0,0,0,0,0,0.998573303222656,0,0,0,0,0,0,0,0,0,0,0,0.999114990234375,0,0,0,0,0,0
0.977733612060547,0.965618133544922,0.984836290829146,0,0,0,0,0.99114990234375,0,0,0,0,0,0,0,0,0,0,0,0,0,0,0,0,0,0,0,0,0,0,0,0,0,0.999595642089844,0,0,0,0,0,0,0,0,0,0,0,0,0,0,0,0,0,0
0.977519989013672,0.965686798095703,0.987873940012563,0,0,0,0,0.991611480712891,0,0,0,0,0,0,0,0,0,0,0,0,0,0,0,0,0,0,0,0,0,0,0,0,0,0,0,0,0,0,0,0,0,0,0,0,0,0,0,0,0,0,0,0
0.977439880371094,0.9656982421875,0.990896867148241,0,0,0,0,0.992340087890625,0,0,0,0,0,0,0,0,0,0,0,0,0,0,0,0,0,0,0,0,0,0,0,0,0,0,0,0,0,0,0,0,0,0,0,0,0,0,0,0,0,0,0,0
0.977306365966797,0.965656280517578,0.9931640625,0,0,0,0,0.992778778076172,0,0,0,0,0,0,0,0,0,0,0,0,0,0,0,0,0,0,0,0,0,0,0,0,0,0,0,0,0,0,0,0,0,0,0,0,0,0,0,0,0,0,0,0
0.977317810058594,0.965709686279297,0.994884088410804,0,0,0,0,0.993194580078125,0,0,0,0,0,0,0,0,0,0,0,0,0,0,0,0,0,0,0,0,0,0,0,0,0,0,0,0,0,0,0,0,0,0,0,0,0,0,0,0,0,0,0,0
0.977077484130859,0.965591430664062,0.99733040201005,0,0,0,0,0.993602752685547,0,0,0,0,0,0,0,0,0,0,0,0,0,0,0,0,0,0,0,0,0,0,0,0,0,0,0,0,0,0,0,0,0,0,0,0,0,0,0,0,0,0,0,0
0.977062225341797,0.965389251708984,0.999261443938442,0,0,0,0,0.993881225585938,0,0,0,0,0,0,0,0,0,0,0,0,0,0,0,0,0,0,0,0,0,0,0,0,0,0,0,0,0,0,0,0,0,0,0,0,0,0,0,0,0,0,0,0
0.976833343505859,0.965297698974609,0,0,0,0,0,0.994285583496094,0,0,0,0,0,0,0,0,0,0,0,0,0,0,0,0,0,0,0,0,0,0,0,0,0,0,0,0,0,0,0,0,0,0,0,0,0,0,0,0,0,0,0,0
0.97650146484375,0.965110778808594,0,0,0,0,0,0.994716644287109,0,0,0,0,0,0,0,0,0,0,0,0,0,0,0,0,0,0,0,0,0,0,0,0,0,0,0,0,0,0,0,0,0,0,0,0,0,0,0,0,0,0,0,0
0.976352691650391,0.9649658203125,0,0,0,0,0,0.995048522949219,0,0,0,0,0,0,0,0,0,0,0,0,0,0,0,0,0,0,0,0,0,0,0,0,0,0,0,0,0,0,0,0,0,0,0,0,0,0,0,0,0,0,0,0
0.976039886474609,0.964836120605469,0,0,0,0,0,0.995498657226562,0,0,0,0,0,0,0,0,0,0,0,0,0,0,0,0,0,0,0,0,0,0,0,0,0,0,0,0,0,0,0,0,0,0,0,0,0,0,0,0,0,0,0,0
0.975814819335938,0.964828491210938,0,0,0,0,0,0.995983123779297,0,0,0,0,0,0,0,0,0,0,0,0,0,0,0,0,0,0,0,0,0,0,0,0,0,0,0,0,0,0,0,0,0,0,0,0,0,0,0,0,0,0,0,0
0.975570678710938,0.964702606201172,0,0,0,0,0,0.99639892578125,0,0,0,0,0,0,0,0,0,0,0,0,0,0,0,0,0,0,0,0,0,0,0,0,0,0,0,0,0,0,0,0,0,0,0,0,0,0,0,0,0,0,0,0
0.97528076171875,0.964523315429688,0,0,0,0,0,0.996871948242188,0,0,0,0,0,0,0,0,0,0,0,0,0,0,0,0,0,0,0,0,0,0,0,0,0,0,0,0,0,0,0,0,0,0,0,0,0,0,0,0,0,0,0,0
0.975063323974609,0.964385986328125,0,0,0,0,0,0.997371673583984,0,0,0,0,0,0,0,0,0,0,0,0,0,0,0,0,0,0,0,0,0,0,0,0,0,0,0,0,0,0,0,0,0,0,0,0,0,0,0,0,0,0,0,0
0.974876403808594,0.964054107666016,0,0,0,0,0,0.997783660888672,0,0,0,0,0,0,0,0,0,0,0,0,0,0,0,0,0,0,0,0,0,0,0,0,0,0,0,0,0,0,0,0,0,0,0,0,0,0,0,0,0,0,0,0
0.974697113037109,0.963890075683594,0,0,0,0,0,0.998409271240234,0,0,0,0,0,0,0,0,0,0,0,0,0,0,0,0,0,0,0,0,0,0,0,0,0,0,0,0,0,0,0,0,0,0,0,0,0,0,0,0,0,0,0,0
0.974609375,0.963855743408203,0,0,0,0,0,0.998973846435547,0,0,0,0,0,0,0,0,0,0,0,0,0,0,0,0,0,0,0,0,0,0,0,0,0,0,0,0,0,0,0,0,0,0,0,0,0,0,0,0,0,0,0,0
0.974407196044922,0.963691711425781,0,0,0,0,0,0.999454498291016,0,0,0,0,0,0,0,0,0,0,0,0,0,0,0,0,0,0,0,0,0,0,0,0,0,0,0,0,0,0,0,0,0,0,0,0,0,0,0,0,0,0,0,0
0.974143981933594,0.963489532470703,0,0,0,0,0,0.999946594238281,0,0,0,0,0,0,0,0,0,0,0,0,0,0,0,0,0,0,0,0,0,0,0,0,0,0,0,0,0,0,0,0,0,0,0,0,0,0,0,0,0,0,0,0
0.973682403564453,0.963451385498047,0,0,0,0,0,0,0,0,0,0,0,0,0,0,0,0,0,0,0,0,0,0,0,0,0,0,0,0,0,0,0,0,0,0,0,0,0,0,0,0,0,0,0,0,0,0,0,0,0,0
0.973346710205078,0.962978363037109,0,0,0,0,0,0,0,0,0,0,0,0,0,0,0,0,0,0,0,0,0,0,0,0,0,0,0,0,0,0,0,0,0,0,0,0,0,0,0,0,0,0,0,0,0,0,0,0,0,0
0.973136901855469,0.962348937988281,0,0,0,0,0,0,0,0,0,0,0,0,0,0,0,0,0,0,0,0,0,0,0,0,0,0,0,0,0,0,0,0,0,0,0,0,0,0,0,0,0,0,0,0,0,0,0,0,0,0
0.973003387451172,0.961544036865234,0,0,0,0,0,0,0,0,0,0,0,0,0,0,0,0,0,0,0,0,0,0,0,0,0,0,0,0,0,0,0,0,0,0,0,0,0,0,0,0,0,0,0,0,0,0,0,0,0,0
0.973163604736328,0.960517883300781,0,0,0,0,0,0,0,0,0,0,0,0,0,0,0,0,0,0,0,0,0,0,0,0,0,0,0,0,0,0,0,0,0,0,0,0,0,0,0,0,0,0,0,0,0,0,0,0,0,0
0.973426818847656,0.959911346435547,0,0,0,0,0,0,0,0,0,0,0,0,0,0,0,0,0,0,0,0,0,0,0,0,0,0,0,0,0,0,0,0,0,0,0,0,0,0,0,0,0,0,0,0,0,0,0,0,0,0
0.9732666015625,0.959518432617188,0,0,0,0,0,0,0,0,0,0,0,0,0,0,0,0,0,0,0,0,0,0,0,0,0,0,0,0,0,0,0,0,0,0,0,0,0,0,0,0,0,0,0,0,0,0,0,0,0,0
0.973293304443359,0.959335327148438,0,0,0,0,0,0,0,0,0,0,0,0,0,0,0,0,0,0,0,0,0,0,0,0,0,0,0,0,0,0,0,0,0,0,0,0,0,0,0,0,0,0,0,0,0,0,0,0,0,0
0.973445892333984,0.959190368652344,0,0,0,0,0,0,0,0,0,0,0,0,0,0,0,0,0,0,0,0,0,0,0,0,0,0,0,0,0,0,0,0,0,0,0,0,0,0,0,0,0,0,0,0,0,0,0,0,0,0
0.973724365234375,0.958972930908203,0,0,0,0,0,0,0,0,0,0,0,0,0,0,0,0,0,0,0,0,0,0,0,0,0,0,0,0,0,0,0,0,0,0,0,0,0,0,0,0,0,0,0,0,0,0,0,0,0,0
0.973907470703125,0.959228515625,0,0,0,0,0,0,0,0,0,0,0,0,0,0,0,0,0,0,0,0,0,0,0,0,0,0,0,0,0,0,0,0,0,0,0,0,0,0,0,0,0,0,0,0,0,0,0,0,0,0
0.972915649414062,0.959018707275391,0,0,0,0,0,0,0,0,0,0,0,0,0,0,0,0,0,0,0,0,0,0,0,0,0,0,0,0,0,0,0,0,0,0,0,0,0,0,0,0,0,0,0,0,0,0,0,0,0,0
0.972591400146484,0.959030151367188,0,0,0,0,0,0,0,0,0,0,0,0,0,0,0,0,0,0,0,0,0,0,0,0,0,0,0,0,0,0,0,0,0,0,0,0,0,0,0,0,0,0,0,0,0,0,0,0,0,0
0.972267150878906,0.958976745605469,0,0,0,0,0,0,0,0,0,0,0,0,0,0,0,0,0,0,0,0,0,0,0,0,0,0,0,0,0,0,0,0,0,0,0,0,0,0,0,0,0,0,0,0,0,0,0,0,0,0
0.971912384033203,0.958984375,0,0,0,0,0,0,0,0,0,0,0,0,0,0,0,0,0,0,0,0,0,0,0,0,0,0,0,0,0,0,0,0,0,0,0,0,0,0,0,0,0,0,0,0,0,0,0,0,0,0
0.971733093261719,0.958999633789062,0,0,0,0,0,0,0,0,0,0,0,0,0,0,0,0,0,0,0,0,0,0,0,0,0,0,0,0,0,0,0,0,0,0,0,0,0,0,0,0,0,0,0,0,0,0,0,0,0,0
0.971645355224609,0.959133148193359,0,0,0,0,0,0,0,0,0,0,0,0,0,0,0,0,0,0,0,0,0,0,0,0,0,0,0,0,0,0,0,0,0,0,0,0,0,0,0,0,0,0,0,0,0,0,0,0,0,0
0.971614837646484,0.959224700927734,0,0,0,0,0,0,0,0,0,0,0,0,0,0,0,0,0,0,0,0,0,0,0,0,0,0,0,0,0,0,0,0,0,0,0,0,0,0,0,0,0,0,0,0,0,0,0,0,0,0
0.971626281738281,0.959453582763672,0,0,0,0,0,0,0,0,0,0,0,0,0,0,0,0,0,0,0,0,0,0,0,0,0,0,0,0,0,0,0,0,0,0,0,0,0,0,0,0,0,0,0,0,0,0,0,0,0,0
0.971607208251953,0.959510803222656,0,0,0,0,0,0,0,0,0,0,0,0,0,0,0,0,0,0,0,0,0,0,0,0,0,0,0,0,0,0,0,0,0,0,0,0,0,0,0,0,0,0,0,0,0,0,0,0,0,0
0.971309661865234,0.959884643554688,0,0,0,0,0,0,0,0,0,0,0,0,0,0,0,0,0,0,0,0,0,0,0,0,0,0,0,0,0,0,0,0,0,0,0,0,0,0,0,0,0,0,0,0,0,0,0,0,0,0
0.971183776855469,0.959911346435547,0,0,0,0,0,0,0,0,0,0,0,0,0,0,0,0,0,0,0,0,0,0,0,0,0,0,0,0,0,0,0,0,0,0,0,0,0,0,0,0,0,0,0,0,0,0,0,0,0,0
0.971122741699219,0.960086822509766,0,0,0,0,0,0,0,0,0,0,0,0,0,0,0,0,0,0,0,0,0,0,0,0,0,0,0,0,0,0,0,0,0,0,0,0,0,0,0,0,0,0,0,0,0,0,0,0,0,0
0.971092224121094,0.960189819335938,0,0,0,0,0,0,0,0,0,0,0,0,0,0,0,0,0,0,0,0,0,0,0,0,0,0,0,0,0,0,0,0,0,0,0,0,0,0,0,0,0,0,0,0,0,0,0,0,0,0
0.971057891845703,0.960376739501953,0,0,0,0,0,0,0,0,0,0,0,0,0,0,0,0,0,0,0,0,0,0,0,0,0,0,0,0,0,0,0,0,0,0,0,0,0,0,0,0,0,0,0,0,0,0,0,0,0,0
0.971118927001953,0.960723876953125,0,0,0,0,0,0,0,0,0,0,0,0,0,0,0,0,0,0,0,0,0,0,0,0,0,0,0,0,0,0,0,0,0,0,0,0,0,0,0,0,0,0,0,0,0,0,0,0,0,0
0.970951080322266,0.960872650146484,0,0,0,0,0,0,0,0,0,0,0,0,0,0,0,0,0,0,0,0,0,0,0,0,0,0,0,0,0,0,0,0,0,0,0,0,0,0,0,0,0,0,0,0,0,0,0,0,0,0
0.970809936523438,0.96099853515625,0,0,0,0,0,0,0,0,0,0,0,0,0,0,0,0,0,0,0,0,0,0,0,0,0,0,0,0,0,0,0,0,0,0,0,0,0,0,0,0,0,0,0,0,0,0,0,0,0,0
0.970798492431641,0.961124420166016,0,0,0,0,0,0,0,0,0,0,0,0,0,0,0,0,0,0,0,0,0,0,0,0,0,0,0,0,0,0,0,0,0,0,0,0,0,0,0,0,0,0,0,0,0,0,0,0,0,0
0.970870971679688,0.961212158203125,0,0,0,0,0,0,0,0,0,0,0,0,0,0,0,0,0,0,0,0,0,0,0,0,0,0,0,0,0,0,0,0,0,0,0,0,0,0,0,0,0,0,0,0,0,0,0,0,0,0
0.970836639404297,0.961624145507812,0,0,0,0,0,0,0,0,0,0,0,0,0,0,0,0,0,0,0,0,0,0,0,0,0,0,0,0,0,0,0,0,0,0,0,0,0,0,0,0,0,0,0,0,0,0,0,0,0,0
0.970478057861328,0.961902618408203,0,0,0,0,0,0,0,0,0,0,0,0,0,0,0,0,0,0,0,0,0,0,0,0,0,0,0,0,0,0,0,0,0,0,0,0,0,0,0,0,0,0,0,0,0,0,0,0,0,0
0.970535278320312,0.962135314941406,0,0,0,0,0,0,0,0,0,0,0,0,0,0,0,0,0,0,0,0,0,0,0,0,0,0,0,0,0,0,0,0,0,0,0,0,0,0,0,0,0,0,0,0,0,0,0,0,0,0
0.97052001953125,0.962543487548828,0,0,0,0,0,0,0,0,0,0,0,0,0,0,0,0,0,0,0,0,0,0,0,0,0,0,0,0,0,0,0,0,0,0,0,0,0,0,0,0,0,0,0,0,0,0,0,0,0,0
0.970474243164062,0.962875366210938,0,0,0,0,0,0,0,0,0,0,0,0,0,0,0,0,0,0,0,0,0,0,0,0,0,0,0,0,0,0,0,0,0,0,0,0,0,0,0,0,0,0,0,0,0,0,0,0,0,0
0.970386505126953,0.963592529296875,0,0,0,0,0,0,0,0,0,0,0,0,0,0,0,0,0,0,0,0,0,0,0,0,0,0,0,0,0,0,0,0,0,0,0,0,0,0,0,0,0,0,0,0,0,0,0,0,0,0
0.969894409179688,0.963737487792969,0,0,0,0,0,0,0,0,0,0,0,0,0,0,0,0,0,0,0,0,0,0,0,0,0,0,0,0,0,0,0,0,0,0,0,0,0,0,0,0,0,0,0,0,0,0,0,0,0,0
0.969715118408203,0.964046478271484,0,0,0,0,0,0,0,0,0,0,0,0,0,0,0,0,0,0,0,0,0,0,0,0,0,0,0,0,0,0,0,0,0,0,0,0,0,0,0,0,0,0,0,0,0,0,0,0,0,0
0.969779968261719,0.964099884033203,0,0,0,0,0,0,0,0,0,0,0,0,0,0,0,0,0,0,0,0,0,0,0,0,0,0,0,0,0,0,0,0,0,0,0,0,0,0,0,0,0,0,0,0,0,0,0,0,0,0
0.969799041748047,0.964431762695312,0,0,0,0,0,0,0,0,0,0,0,0,0,0,0,0,0,0,0,0,0,0,0,0,0,0,0,0,0,0,0,0,0,0,0,0,0,0,0,0,0,0,0,0,0,0,0,0,0,0
0.969905853271484,0.964614868164062,0,0,0,0,0,0,0,0,0,0,0,0,0,0,0,0,0,0,0,0,0,0,0,0,0,0,0,0,0,0,0,0,0,0,0,0,0,0,0,0,0,0,0,0,0,0,0,0,0,0
0.970027923583984,0.964809417724609,0,0,0,0,0,0,0,0,0,0,0,0,0,0,0,0,0,0,0,0,0,0,0,0,0,0,0,0,0,0,0,0,0,0,0,0,0,0,0,0,0,0,0,0,0,0,0,0,0,0
0.970306396484375,0.965049743652344,0,0,0,0,0,0,0,0,0,0,0,0,0,0,0,0,0,0,0,0,0,0,0,0,0,0,0,0,0,0,0,0,0,0,0,0,0,0,0,0,0,0,0,0,0,0,0,0,0,0
0.970497131347656,0.965251922607422,0,0,0,0,0,0,0,0,0,0,0,0,0,0,0,0,0,0,0,0,0,0,0,0,0,0,0,0,0,0,0,0,0,0,0,0,0,0,0,0,0,0,0,0,0,0,0,0,0,0
0.970760345458984,0.965469360351562,0,0,0,0,0,0,0,0,0,0,0,0,0,0,0,0,0,0,0,0,0,0,0,0,0,0,0,0,0,0,0,0,0,0,0,0,0,0,0,0,0,0,0,0,0,0,0,0,0,0
0.970973968505859,0.965988159179688,0,0,0,0,0,0,0,0,0,0,0,0,0,0,0,0,0,0,0,0,0,0,0,0,0,0,0,0,0,0,0,0,0,0,0,0,0,0,0,0,0,0,0,0,0,0,0,0,0,0
0.970993041992188,0.9661865234375,0,0,0,0,0,0,0,0,0,0,0,0,0,0,0,0,0,0,0,0,0,0,0,0,0,0,0,0,0,0,0,0,0,0,0,0,0,0,0,0,0,0,0,0,0,0,0,0,0,0
0.970951080322266,0.96661376953125,0,0,0,0,0,0,0,0,0,0,0,0,0,0,0,0,0,0,0,0,0,0,0,0,0,0,0,0,0,0,0,0,0,0,0,0,0,0,0,0,0,0,0,0,0,0,0,0,0,0
0.971221923828125,0.967342376708984,0,0,0,0,0,0,0,0,0,0,0,0,0,0,0,0,0,0,0,0,0,0,0,0,0,0,0,0,0,0,0,0,0,0,0,0,0,0,0,0,0,0,0,0,0,0,0,0,0,0
0.971553802490234,0.968273162841797,0,0,0,0,0,0,0,0,0,0,0,0,0,0,0,0,0,0,0,0,0,0,0,0,0,0,0,0,0,0,0,0,0,0,0,0,0,0,0,0,0,0,0,0,0,0,0,0,0,0
0.972011566162109,0.969509124755859,0,0,0,0,0,0,0,0,0,0,0,0,0,0,0,0,0,0,0,0,0,0,0,0,0,0,0,0,0,0,0,0,0,0,0,0,0,0,0,0,0,0,0,0,0,0,0,0,0,0
0.972610473632812,0.969940185546875,0,0,0,0,0,0,0,0,0,0,0,0,0,0,0,0,0,0,0,0,0,0,0,0,0,0,0,0,0,0,0,0,0,0,0,0,0,0,0,0,0,0,0,0,0,0,0,0,0,0
0.9730224609375,0.970046997070312,0,0,0,0,0,0,0,0,0,0,0,0,0,0,0,0,0,0,0,0,0,0,0,0,0,0,0,0,0,0,0,0,0,0,0,0,0,0,0,0,0,0,0,0,0,0,0,0,0,0
0.973575592041016,0.970462799072266,0,0,0,0,0,0,0,0,0,0,0,0,0,0,0,0,0,0,0,0,0,0,0,0,0,0,0,0,0,0,0,0,0,0,0,0,0,0,0,0,0,0,0,0,0,0,0,0,0,0
0.973854064941406,0.970664978027344,0,0,0,0,0,0,0,0,0,0,0,0,0,0,0,0,0,0,0,0,0,0,0,0,0,0,0,0,0,0,0,0,0,0,0,0,0,0,0,0,0,0,0,0,0,0,0,0,0,0
0.974159240722656,0.971031188964844,0,0,0,0,0,0,0,0,0,0,0,0,0,0,0,0,0,0,0,0,0,0,0,0,0,0,0,0,0,0,0,0,0,0,0,0,0,0,0,0,0,0,0,0,0,0,0,0,0,0
0.974384307861328,0.971473693847656,0,0,0,0,0,0,0,0,0,0,0,0,0,0,0,0,0,0,0,0,0,0,0,0,0,0,0,0,0,0,0,0,0,0,0,0,0,0,0,0,0,0,0,0,0,0,0,0,0,0
0.974475860595703,0.9718017578125,0,0,0,0,0,0,0,0,0,0,0,0,0,0,0,0,0,0,0,0,0,0,0,0,0,0,0,0,0,0,0,0,0,0,0,0,0,0,0,0,0,0,0,0,0,0,0,0,0,0
0.974906921386719,0.972244262695312,0,0,0,0,0,0,0,0,0,0,0,0,0,0,0,0,0,0,0,0,0,0,0,0,0,0,0,0,0,0,0,0,0,0,0,0,0,0,0,0,0,0,0,0,0,0,0,0,0,0
0.975479125976562,0.972610473632812,0,0,0,0,0,0,0,0,0,0,0,0,0,0,0,0,0,0,0,0,0,0,0,0,0,0,0,0,0,0,0,0,0,0,0,0,0,0,0,0,0,0,0,0,0,0,0,0,0,0
0.975986480712891,0.973011016845703,0,0,0,0,0,0,0,0,0,0,0,0,0,0,0,0,0,0,0,0,0,0,0,0,0,0,0,0,0,0,0,0,0,0,0,0,0,0,0,0,0,0,0,0,0,0,0,0,0,0
0.976486206054688,0.973762512207031,0,0,0,0,0,0,0,0,0,0,0,0,0,0,0,0,0,0,0,0,0,0,0,0,0,0,0,0,0,0,0,0,0,0,0,0,0,0,0,0,0,0,0,0,0,0,0,0,0,0
0.976993560791016,0.974300384521484,0,0,0,0,0,0,0,0,0,0,0,0,0,0,0,0,0,0,0,0,0,0,0,0,0,0,0,0,0,0,0,0,0,0,0,0,0,0,0,0,0,0,0,0,0,0,0,0,0,0
0.977733612060547,0.974922180175781,0,0,0,0,0,0,0,0,0,0,0,0,0,0,0,0,0,0,0,0,0,0,0,0,0,0,0,0,0,0,0,0,0,0,0,0,0,0,0,0,0,0,0,0,0,0,0,0,0,0
0.978542327880859,0.975433349609375,0,0,0,0,0,0,0,0,0,0,0,0,0,0,0,0,0,0,0,0,0,0,0,0,0,0,0,0,0,0,0,0,0,0,0,0,0,0,0,0,0,0,0,0,0,0,0,0,0,0
0.978996276855469,0.976036071777344,0,0,0,0,0,0,0,0,0,0,0,0,0,0,0,0,0,0,0,0,0,0,0,0,0,0,0,0,0,0,0,0,0,0,0,0,0,0,0,0,0,0,0,0,0,0,0,0,0,0
0.979400634765625,0.977432250976562,0,0,0,0,0,0,0,0,0,0,0,0,0,0,0,0,0,0,0,0,0,0,0,0,0,0,0,0,0,0,0,0,0,0,0,0,0,0,0,0,0,0,0,0,0,0,0,0,0,0
0.979888916015625,0.978649139404297,0,0,0,0,0,0,0,0,0,0,0,0,0,0,0,0,0,0,0,0,0,0,0,0,0,0,0,0,0,0,0,0,0,0,0,0,0,0,0,0,0,0,0,0,0,0,0,0,0,0
0.98040771484375,0.980056762695312,0,0,0,0,0,0,0,0,0,0,0,0,0,0,0,0,0,0,0,0,0,0,0,0,0,0,0,0,0,0,0,0,0,0,0,0,0,0,0,0,0,0,0,0,0,0,0,0,0,0
0.980892181396484,0.9813232421875,0,0,0,0,0,0,0,0,0,0,0,0,0,0,0,0,0,0,0,0,0,0,0,0,0,0,0,0,0,0,0,0,0,0,0,0,0,0,0,0,0,0,0,0,0,0,0,0,0,0
0.980709075927734,0.982597351074219,0,0,0,0,0,0,0,0,0,0,0,0,0,0,0,0,0,0,0,0,0,0,0,0,0,0,0,0,0,0,0,0,0,0,0,0,0,0,0,0,0,0,0,0,0,0,0,0,0,0
0.981094360351562,0.982883453369141,0,0,0,0,0,0,0,0,0,0,0,0,0,0,0,0,0,0,0,0,0,0,0,0,0,0,0,0,0,0,0,0,0,0,0,0,0,0,0,0,0,0,0,0,0,0,0,0,0,0
0.981246948242188,0.982933044433594,0,0,0,0,0,0,0,0,0,0,0,0,0,0,0,0,0,0,0,0,0,0,0,0,0,0,0,0,0,0,0,0,0,0,0,0,0,0,0,0,0,0,0,0,0,0,0,0,0,0
0.981475830078125,0.983173370361328,0,0,0,0,0,0,0,0,0,0,0,0,0,0,0,0,0,0,0,0,0,0,0,0,0,0,0,0,0,0,0,0,0,0,0,0,0,0,0,0,0,0,0,0,0,0,0,0,0,0
0.981460571289062,0.983295440673828,0,0,0,0,0,0,0,0,0,0,0,0,0,0,0,0,0,0,0,0,0,0,0,0,0,0,0,0,0,0,0,0,0,0,0,0,0,0,0,0,0,0,0,0,0,0,0,0,0,0
0.981273651123047,0.983596801757812,0,0,0,0,0,0,0,0,0,0,0,0,0,0,0,0,0,0,0,0,0,0,0,0,0,0,0,0,0,0,0,0,0,0,0,0,0,0,0,0,0,0,0,0,0,0,0,0,0,0
0.981071472167969,0.984512329101562,0,0,0,0,0,0,0,0,0,0,0,0,0,0,0,0,0,0,0,0,0,0,0,0,0,0,0,0,0,0,0,0,0,0,0,0,0,0,0,0,0,0,0,0,0,0,0,0,0,0
0.980869293212891,0.985260009765625,0,0,0,0,0,0,0,0,0,0,0,0,0,0,0,0,0,0,0,0,0,0,0,0,0,0,0,0,0,0,0,0,0,0,0,0,0,0,0,0,0,0,0,0,0,0,0,0,0,0
0.980735778808594,0.985931396484375,0,0,0,0,0,0,0,0,0,0,0,0,0,0,0,0,0,0,0,0,0,0,0,0,0,0,0,0,0,0,0,0,0,0,0,0,0,0,0,0,0,0,0,0,0,0,0,0,0,0
0.980552673339844,0.986610412597656,0,0,0,0,0,0,0,0,0,0,0,0,0,0,0,0,0,0,0,0,0,0,0,0,0,0,0,0,0,0,0,0,0,0,0,0,0,0,0,0,0,0,0,0,0,0,0,0,0,0
0.980308532714844,0.987285614013672,0,0,0,0,0,0,0,0,0,0,0,0,0,0,0,0,0,0,0,0,0,0,0,0,0,0,0,0,0,0,0,0,0,0,0,0,0,0,0,0,0,0,0,0,0,0,0,0,0,0
0.979923248291016,0.987644195556641,0,0,0,0,0,0,0,0,0,0,0,0,0,0,0,0,0,0,0,0,0,0,0,0,0,0,0,0,0,0,0,0,0,0,0,0,0,0,0,0,0,0,0,0,0,0,0,0,0,0
0.979633331298828,0.987903594970703,0,0,0,0,0,0,0,0,0,0,0,0,0,0,0,0,0,0,0,0,0,0,0,0,0,0,0,0,0,0,0,0,0,0,0,0,0,0,0,0,0,0,0,0,0,0,0,0,0,0
0.979610443115234,0.988101959228516,0,0,0,0,0,0,0,0,0,0,0,0,0,0,0,0,0,0,0,0,0,0,0,0,0,0,0,0,0,0,0,0,0,0,0,0,0,0,0,0,0,0,0,0,0,0,0,0,0,0
0.97943115234375,0.988269805908203,0,0,0,0,0,0,0,0,0,0,0,0,0,0,0,0,0,0,0,0,0,0,0,0,0,0,0,0,0,0,0,0,0,0,0,0,0,0,0,0,0,0,0,0,0,0,0,0,0,0
0.979255676269531,0.988590240478516,0,0,0,0,0,0,0,0,0,0,0,0,0,0,0,0,0,0,0,0,0,0,0,0,0,0,0,0,0,0,0,0,0,0,0,0,0,0,0,0,0,0,0,0,0,0,0,0,0,0
0.979133605957031,0.989418029785156,0,0,0,0,0,0,0,0,0,0,0,0,0,0,0,0,0,0,0,0,0,0,0,0,0,0,0,0,0,0,0,0,0,0,0,0,0,0,0,0,0,0,0,0,0,0,0,0,0,0
0.979068756103516,0.990047454833984,0,0,0,0,0,0,0,0,0,0,0,0,0,0,0,0,0,0,0,0,0,0,0,0,0,0,0,0,0,0,0,0,0,0,0,0,0,0,0,0,0,0,0,0,0,0,0,0,0,0
0.979110717773438,0.990745544433594,0,0,0,0,0,0,0,0,0,0,0,0,0,0,0,0,0,0,0,0,0,0,0,0,0,0,0,0,0,0,0,0,0,0,0,0,0,0,0,0,0,0,0,0,0,0,0,0,0,0
0.979160308837891,0.991321563720703,0,0,0,0,0,0,0,0,0,0,0,0,0,0,0,0,0,0,0,0,0,0,0,0,0,0,0,0,0,0,0,0,0,0,0,0,0,0,0,0,0,0,0,0,0,0,0,0,0,0
0.979293823242188,0.991928100585938,0,0,0,0,0,0,0,0,0,0,0,0,0,0,0,0,0,0,0,0,0,0,0,0,0,0,0,0,0,0,0,0,0,0,0,0,0,0,0,0,0,0,0,0,0,0,0,0,0,0
0.979385375976562,0.992904663085938,0,0,0,0,0,0,0,0,0,0,0,0,0,0,0,0,0,0,0,0,0,0,0,0,0,0,0,0,0,0,0,0,0,0,0,0,0,0,0,0,0,0,0,0,0,0,0,0,0,0
0.979293823242188,0.993606567382812,0,0,0,0,0,0,0,0,0,0,0,0,0,0,0,0,0,0,0,0,0,0,0,0,0,0,0,0,0,0,0,0,0,0,0,0,0,0,0,0,0,0,0,0,0,0,0,0,0,0
0.979171752929688,0.994342803955078,0,0,0,0,0,0,0,0,0,0,0,0,0,0,0,0,0,0,0,0,0,0,0,0,0,0,0,0,0,0,0,0,0,0,0,0,0,0,0,0,0,0,0,0,0,0,0,0,0,0
0.979156494140625,0.995052337646484,0,0,0,0,0,0,0,0,0,0,0,0,0,0,0,0,0,0,0,0,0,0,0,0,0,0,0,0,0,0,0,0,0,0,0,0,0,0,0,0,0,0,0,0,0,0,0,0,0,0
0.979217529296875,0.995780944824219,0,0,0,0,0,0,0,0,0,0,0,0,0,0,0,0,0,0,0,0,0,0,0,0,0,0,0,0,0,0,0,0,0,0,0,0,0,0,0,0,0,0,0,0,0,0,0,0,0,0
0.979221343994141,0.996246337890625,0,0,0,0,0,0,0,0,0,0,0,0,0,0,0,0,0,0,0,0,0,0,0,0,0,0,0,0,0,0,0,0,0,0,0,0,0,0,0,0,0,0,0,0,0,0,0,0,0,0
0.979267120361328,0.996818542480469,0,0,0,0,0,0,0,0,0,0,0,0,0,0,0,0,0,0,0,0,0,0,0,0,0,0,0,0,0,0,0,0,0,0,0,0,0,0,0,0,0,0,0,0,0,0,0,0,0,0
0.97943115234375,0.997325897216797,0,0,0,0,0,0,0,0,0,0,0,0,0,0,0,0,0,0,0,0,0,0,0,0,0,0,0,0,0,0,0,0,0,0,0,0,0,0,0,0,0,0,0,0,0,0,0,0,0,0
0.979511260986328,0.997806549072266,0,0,0,0,0,0,0,0,0,0,0,0,0,0,0,0,0,0,0,0,0,0,0,0,0,0,0,0,0,0,0,0,0,0,0,0,0,0,0,0,0,0,0,0,0,0,0,0,0,0
0.979892730712891,0.998161315917969,0,0,0,0,0,0,0,0,0,0,0,0,0,0,0,0,0,0,0,0,0,0,0,0,0,0,0,0,0,0,0,0,0,0,0,0,0,0,0,0,0,0,0,0,0,0,0,0,0,0
0.980113983154297,0.998973846435547,0,0,0,0,0,0,0,0,0,0,0,0,0,0,0,0,0,0,0,0,0,0,0,0,0,0,0,0,0,0,0,0,0,0,0,0,0,0,0,0,0,0,0,0,0,0,0,0,0,0
0.980194091796875,0.999500274658203,0,0,0,0,0,0,0,0,0,0,0,0,0,0,0,0,0,0,0,0,0,0,0,0,0,0,0,0,0,0,0,0,0,0,0,0,0,0,0,0,0,0,0,0,0,0,0,0,0,0
0.980316162109375,0.999755859375,0,0,0,0,0,0,0,0,0,0,0,0,0,0,0,0,0,0,0,0,0,0,0,0,0,0,0,0,0,0,0,0,0,0,0,0,0,0,0,0,0,0,0,0,0,0,0,0,0,0
0.980548858642578,0.999927520751953,0,0,0,0,0,0,0,0,0,0,0,0,0,0,0,0,0,0,0,0,0,0,0,0,0,0,0,0,0,0,0,0,0,0,0,0,0,0,0,0,0,0,0,0,0,0,0,0,0,0
0.980545043945312,0,0,0,0,0,0,0,0,0,0,0,0,0,0,0,0,0,0,0,0,0,0,0,0,0,0,0,0,0,0,0,0,0,0,0,0,0,0,0,0,0,0,0,0,0,0,0,0,0,0,0
0.980396270751953,0,0,0,0,0,0,0,0,0,0,0,0,0,0,0,0,0,0,0,0,0,0,0,0,0,0,0,0,0,0,0,0,0,0,0,0,0,0,0,0,0,0,0,0,0,0,0,0,0,0,0
0.980274200439453,0,0,0,0,0,0,0,0,0,0,0,0,0,0,0,0,0,0,0,0,0,0,0,0,0,0,0,0,0,0,0,0,0,0,0,0,0,0,0,0,0,0,0,0,0,0,0,0,0,0,0
0.980300903320312,0,0,0,0,0,0,0,0,0,0,0,0,0,0,0,0,0,0,0,0,0,0,0,0,0,0,0,0,0,0,0,0,0,0,0,0,0,0,0,0,0,0,0,0,0,0,0,0,0,0,0
0.980236053466797,0,0,0,0,0,0,0,0,0,0,0,0,0,0,0,0,0,0,0,0,0,0,0,0,0,0,0,0,0,0,0,0,0,0,0,0,0,0,0,0,0,0,0,0,0,0,0,0,0,0,0
0.980197906494141,0,0,0,0,0,0,0,0,0,0,0,0,0,0,0,0,0,0,0,0,0,0,0,0,0,0,0,0,0,0,0,0,0,0,0,0,0,0,0,0,0,0,0,0,0,0,0,0,0,0,0
0.980297088623047,0,0,0,0,0,0,0,0,0,0,0,0,0,0,0,0,0,0,0,0,0,0,0,0,0,0,0,0,0,0,0,0,0,0,0,0,0,0,0,0,0,0,0,0,0,0,0,0,0,0,0
0.980281829833984,0,0,0,0,0,0,0,0,0,0,0,0,0,0,0,0,0,0,0,0,0,0,0,0,0,0,0,0,0,0,0,0,0,0,0,0,0,0,0,0,0,0,0,0,0,0,0,0,0,0,0
0.980430603027344,0,0,0,0,0,0,0,0,0,0,0,0,0,0,0,0,0,0,0,0,0,0,0,0,0,0,0,0,0,0,0,0,0,0,0,0,0,0,0,0,0,0,0,0,0,0,0,0,0,0,0
0.980522155761719,0,0,0,0,0,0,0,0,0,0,0,0,0,0,0,0,0,0,0,0,0,0,0,0,0,0,0,0,0,0,0,0,0,0,0,0,0,0,0,0,0,0,0,0,0,0,0,0,0,0,0
0.980560302734375,0,0,0,0,0,0,0,0,0,0,0,0,0,0,0,0,0,0,0,0,0,0,0,0,0,0,0,0,0,0,0,0,0,0,0,0,0,0,0,0,0,0,0,0,0,0,0,0,0,0,0
0.980678558349609,0,0,0,0,0,0,0,0,0,0,0,0,0,0,0,0,0,0,0,0,0,0,0,0,0,0,0,0,0,0,0,0,0,0,0,0,0,0,0,0,0,0,0,0,0,0,0,0,0,0,0
0.980712890625,0,0,0,0,0,0,0,0,0,0,0,0,0,0,0,0,0,0,0,0,0,0,0,0,0,0,0,0,0,0,0,0,0,0,0,0,0,0,0,0,0,0,0,0,0,0,0,0,0,0,0
0.980918884277344,0,0,0,0,0,0,0,0,0,0,0,0,0,0,0,0,0,0,0,0,0,0,0,0,0,0,0,0,0,0,0,0,0,0,0,0,0,0,0,0,0,0,0,0,0,0,0,0,0,0,0
0.981193542480469,0,0,0,0,0,0,0,0,0,0,0,0,0,0,0,0,0,0,0,0,0,0,0,0,0,0,0,0,0,0,0,0,0,0,0,0,0,0,0,0,0,0,0,0,0,0,0,0,0,0,0
0.981487274169922,0,0,0,0,0,0,0,0,0,0,0,0,0,0,0,0,0,0,0,0,0,0,0,0,0,0,0,0,0,0,0,0,0,0,0,0,0,0,0,0,0,0,0,0,0,0,0,0,0,0,0
0.981666564941406,0,0,0,0,0,0,0,0,0,0,0,0,0,0,0,0,0,0,0,0,0,0,0,0,0,0,0,0,0,0,0,0,0,0,0,0,0,0,0,0,0,0,0,0,0,0,0,0,0,0,0
0.981849670410156,0,0,0,0,0,0,0,0,0,0,0,0,0,0,0,0,0,0,0,0,0,0,0,0,0,0,0,0,0,0,0,0,0,0,0,0,0,0,0,0,0,0,0,0,0,0,0,0,0,0,0
0.982097625732422,0,0,0,0,0,0,0,0,0,0,0,0,0,0,0,0,0,0,0,0,0,0,0,0,0,0,0,0,0,0,0,0,0,0,0,0,0,0,0,0,0,0,0,0,0,0,0,0,0,0,0
0.98236083984375,0,0,0,0,0,0,0,0,0,0,0,0,0,0,0,0,0,0,0,0,0,0,0,0,0,0,0,0,0,0,0,0,0,0,0,0,0,0,0,0,0,0,0,0,0,0,0,0,0,0,0
0.982711791992188,0,0,0,0,0,0,0,0,0,0,0,0,0,0,0,0,0,0,0,0,0,0,0,0,0,0,0,0,0,0,0,0,0,0,0,0,0,0,0,0,0,0,0,0,0,0,0,0,0,0,0
0.982913970947266,0,0,0,0,0,0,0,0,0,0,0,0,0,0,0,0,0,0,0,0,0,0,0,0,0,0,0,0,0,0,0,0,0,0,0,0,0,0,0,0,0,0,0,0,0,0,0,0,0,0,0
0.983131408691406,0,0,0,0,0,0,0,0,0,0,0,0,0,0,0,0,0,0,0,0,0,0,0,0,0,0,0,0,0,0,0,0,0,0,0,0,0,0,0,0,0,0,0,0,0,0,0,0,0,0,0
0.983413696289062,0,0,0,0,0,0,0,0,0,0,0,0,0,0,0,0,0,0,0,0,0,0,0,0,0,0,0,0,0,0,0,0,0,0,0,0,0,0,0,0,0,0,0,0,0,0,0,0,0,0,0
0.983619689941406,0,0,0,0,0,0,0,0,0,0,0,0,0,0,0,0,0,0,0,0,0,0,0,0,0,0,0,0,0,0,0,0,0,0,0,0,0,0,0,0,0,0,0,0,0,0,0,0,0,0,0
0.983894348144531,0,0,0,0,0,0,0,0,0,0,0,0,0,0,0,0,0,0,0,0,0,0,0,0,0,0,0,0,0,0,0,0,0,0,0,0,0,0,0,0,0,0,0,0,0,0,0,0,0,0,0
0.984046936035156,0,0,0,0,0,0,0,0,0,0,0,0,0,0,0,0,0,0,0,0,0,0,0,0,0,0,0,0,0,0,0,0,0,0,0,0,0,0,0,0,0,0,0,0,0,0,0,0,0,0,0
0.984962463378906,0,0,0,0,0,0,0,0,0,0,0,0,0,0,0,0,0,0,0,0,0,0,0,0,0,0,0,0,0,0,0,0,0,0,0,0,0,0,0,0,0,0,0,0,0,0,0,0,0,0,0
0.985149383544922,0,0,0,0,0,0,0,0,0,0,0,0,0,0,0,0,0,0,0,0,0,0,0,0,0,0,0,0,0,0,0,0,0,0,0,0,0,0,0,0,0,0,0,0,0,0,0,0,0,0,0
0.985378265380859,0,0,0,0,0,0,0,0,0,0,0,0,0,0,0,0,0,0,0,0,0,0,0,0,0,0,0,0,0,0,0,0,0,0,0,0,0,0,0,0,0,0,0,0,0,0,0,0,0,0,0
0.985847473144531,0,0,0,0,0,0,0,0,0,0,0,0,0,0,0,0,0,0,0,0,0,0,0,0,0,0,0,0,0,0,0,0,0,0,0,0,0,0,0,0,0,0,0,0,0,0,0,0,0,0,0
0.986282348632812,0,0,0,0,0,0,0,0,0,0,0,0,0,0,0,0,0,0,0,0,0,0,0,0,0,0,0,0,0,0,0,0,0,0,0,0,0,0,0,0,0,0,0,0,0,0,0,0,0,0,0
0.986351013183594,0,0,0,0,0,0,0,0,0,0,0,0,0,0,0,0,0,0,0,0,0,0,0,0,0,0,0,0,0,0,0,0,0,0,0,0,0,0,0,0,0,0,0,0,0,0,0,0,0,0,0
0.986640930175781,0,0,0,0,0,0,0,0,0,0,0,0,0,0,0,0,0,0,0,0,0,0,0,0,0,0,0,0,0,0,0,0,0,0,0,0,0,0,0,0,0,0,0,0,0,0,0,0,0,0,0
0.9869384765625,0,0,0,0,0,0,0,0,0,0,0,0,0,0,0,0,0,0,0,0,0,0,0,0,0,0,0,0,0,0,0,0,0,0,0,0,0,0,0,0,0,0,0,0,0,0,0,0,0,0,0
0.987339019775391,0,0,0,0,0,0,0,0,0,0,0,0,0,0,0,0,0,0,0,0,0,0,0,0,0,0,0,0,0,0,0,0,0,0,0,0,0,0,0,0,0,0,0,0,0,0,0,0,0,0,0
0.98773193359375,0,0,0,0,0,0,0,0,0,0,0,0,0,0,0,0,0,0,0,0,0,0,0,0,0,0,0,0,0,0,0,0,0,0,0,0,0,0,0,0,0,0,0,0,0,0,0,0,0,0,0
0.988826751708984,0,0,0,0,0,0,0,0,0,0,0,0,0,0,0,0,0,0,0,0,0,0,0,0,0,0,0,0,0,0,0,0,0,0,0,0,0,0,0,0,0,0,0,0,0,0,0,0,0,0,0
0.990882873535156,0,0,0,0,0,0,0,0,0,0,0,0,0,0,0,0,0,0,0,0,0,0,0,0,0,0,0,0,0,0,0,0,0,0,0,0,0,0,0,0,0,0,0,0,0,0,0,0,0,0,0
0.991416931152344,0,0,0,0,0,0,0,0,0,0,0,0,0,0,0,0,0,0,0,0,0,0,0,0,0,0,0,0,0,0,0,0,0,0,0,0,0,0,0,0,0,0,0,0,0,0,0,0,0,0,0
0.991859436035156,0,0,0,0,0,0,0,0,0,0,0,0,0,0,0,0,0,0,0,0,0,0,0,0,0,0,0,0,0,0,0,0,0,0,0,0,0,0,0,0,0,0,0,0,0,0,0,0,0,0,0
0.992362976074219,0,0,0,0,0,0,0,0,0,0,0,0,0,0,0,0,0,0,0,0,0,0,0,0,0,0,0,0,0,0,0,0,0,0,0,0,0,0,0,0,0,0,0,0,0,0,0,0,0,0,0
0.992874145507812,0,0,0,0,0,0,0,0,0,0,0,0,0,0,0,0,0,0,0,0,0,0,0,0,0,0,0,0,0,0,0,0,0,0,0,0,0,0,0,0,0,0,0,0,0,0,0,0,0,0,0
0.993515014648438,0,0,0,0,0,0,0,0,0,0,0,0,0,0,0,0,0,0,0,0,0,0,0,0,0,0,0,0,0,0,0,0,0,0,0,0,0,0,0,0,0,0,0,0,0,0,0,0,0,0,0
0.994136810302734,0,0,0,0,0,0,0,0,0,0,0,0,0,0,0,0,0,0,0,0,0,0,0,0,0,0,0,0,0,0,0,0,0,0,0,0,0,0,0,0,0,0,0,0,0,0,0,0,0,0,0
0.994731903076172,0,0,0,0,0,0,0,0,0,0,0,0,0,0,0,0,0,0,0,0,0,0,0,0,0,0,0,0,0,0,0,0,0,0,0,0,0,0,0,0,0,0,0,0,0,0,0,0,0,0,0
0.995223999023438,0,0,0,0,0,0,0,0,0,0,0,0,0,0,0,0,0,0,0,0,0,0,0,0,0,0,0,0,0,0,0,0,0,0,0,0,0,0,0,0,0,0,0,0,0,0,0,0,0,0,0
0.995708465576172,0,0,0,0,0,0,0,0,0,0,0,0,0,0,0,0,0,0,0,0,0,0,0,0,0,0,0,0,0,0,0,0,0,0,0,0,0,0,0,0,0,0,0,0,0,0,0,0,0,0,0
0.996196746826172,0,0,0,0,0,0,0,0,0,0,0,0,0,0,0,0,0,0,0,0,0,0,0,0,0,0,0,0,0,0,0,0,0,0,0,0,0,0,0,0,0,0,0,0,0,0,0,0,0,0,0
0.996620178222656,0,0,0,0,0,0,0,0,0,0,0,0,0,0,0,0,0,0,0,0,0,0,0,0,0,0,0,0,0,0,0,0,0,0,0,0,0,0,0,0,0,0,0,0,0,0,0,0,0,0,0
0.996982574462891,0,0,0,0,0,0,0,0,0,0,0,0,0,0,0,0,0,0,0,0,0,0,0,0,0,0,0,0,0,0,0,0,0,0,0,0,0,0,0,0,0,0,0,0,0,0,0,0,0,0,0
0.997371673583984,0,0,0,0,0,0,0,0,0,0,0,0,0,0,0,0,0,0,0,0,0,0,0,0,0,0,0,0,0,0,0,0,0,0,0,0,0,0,0,0,0,0,0,0,0,0,0,0,0,0,0
0.997821807861328,0,0,0,0,0,0,0,0,0,0,0,0,0,0,0,0,0,0,0,0,0,0,0,0,0,0,0,0,0,0,0,0,0,0,0,0,0,0,0,0,0,0,0,0,0,0,0,0,0,0,0
0.998420715332031,0,0,0,0,0,0,0,0,0,0,0,0,0,0,0,0,0,0,0,0,0,0,0,0,0,0,0,0,0,0,0,0,0,0,0,0,0,0,0,0,0,0,0,0,0,0,0,0,0,0,0
0.999320983886719,0,0,0,0,0,0,0,0,0,0,0,0,0,0,0,0,0,0,0,0,0,0,0,0,0,0,0,0,0,0,0,0,0,0,0,0,0,0,0,0,0,0,0,0,0,0,0,0,0,0,0
0.999935150146484,0,0,0,0,0,0,0,0,0,0,0,0,0,0,0,0,0,0,0,0,0,0,0,0,0,0,0,0,0,0,0,0,0,0,0,0,0,0,0,0,0,0,0,0,0,0,0,0,0,0,0
