0.7760244087,0.7239916087,0.7308252087,0.7387693087,0.7317577087,0.7293020087,0.7231558087,0.7280070087,0.7272769087,0.7262196087,0.7268650087,0.7250413087,0.7380736087,0.7279563087,0.7272883087,0.7220379087,0.7334549087,0.7250670087,0.7300454087,0.7275082087,0.7284296087,0.7270766087,0.7283783087,0.7287342087,0.7367258087,0.7305699087,0.7302139087,0.7301442087,0.7245976087,0.7275851087,0.7275703087,0.7237157087,0.7209876087,0.7274313087,0.7260176087,0.7222678087,0.7287855087,0.7408807087,0.7250003087,0.7351438087,0.7359190087,0.7335859087,0.7322034087,0.7272579087,0.7225139087,0.7251539087,0.7263329087,0.7285385087,0.7351738087,0.7248177087,0.7320661087,0.7401063087
0.7756255087,0.7222569087,0.7318595087,0.7376793087,0.7288559087,0.7267853087,0.7224757087,0.7277038087,0.7329313087,0.7273972087,0.7258221087,0.7272453087,0.7329270087,0.7286022087,0.7315127087,0.7233617087,0.7264562087,0.7305549087,0.7322510087,0.7244890087,0.7315867087,0.7256163087,0.7285755087,0.7375916087,0.7318520087,0.7303740087,0.7256009087,0.7270896087,0.7247476087,0.7257644087,0.7297280087,0.7259834087,0.7250350087,0.7268779087,0.7268799087,0.7250397087,0.7217428087,0.7301518087,0.7266212087,0.7442184087,0.7350560087,0.7350801087,0.7260058087,0.7320843087,0.7229424087,0.7235343087,0.7259808087,0.7280793087,0.7427902087,0.7270007087,0.7304282087,0.7270244087
0.7428133087,0.7231291087,0.7326968087,0.7364436087,0.7272936087,0.7293802087,0.7220837087,0.7300734087,0.7221367087,0.7268206087,0.7233756087,0.7236550087,0.7403906087,0.7276164087,0.7302142087,0.7296589087,0.7248864087,0.7294787087,0.7338151087,0.7271697087,0.7297605087,0.7235896087,0.7342683087,0.7312222087,0.7301424087,0.7251371087,0.7193407087,0.7293931087,0.7274732087,0.7242608087,0.7262539087,0.7269316087,0.7209248087,0.7293646087,0.7226129087,0.7245287087,0.7294400087,0.7273957087,0.7298966087,0.7341352087,0.7261373087,0.7327958087,0.7279681087,0.7313714087,0.7218760087,0.7274812087,0.7281463087,0.7283221087,0.7477108087,0.7267387087,0.7297404087,0.7269122087
0.7426852087,0.7233165087,0.7355344087,0.7358680087,0.7310925087,0.7338814087,0.7213226087,0.7266679087,0.7234954087,0.7299325087,0.7257058087,0.7278478087,0.7313692087,0.7382416087,0.7239806087,0.7262491087,0.7290671087,0.7323285087,0.7318678087,0.7333488087,0.7338207087,0.7203981087,0.7202261087,0.7291926087,0.7321965087,0.7271383087,0.7230577087,0.7306076087,0.7262721087,0.7245780087,0.7296015087,0.7247559087,0.7210320087,0.7229870087,0.7263541087,0.7277932087,0.7274656087,0.7263801087,0.7268466087,0.7302863087,0.7293372087,0.7253744087,0.7219544087,0.7218952087,0.7289675087,0.7233492087,0.7243953087,0.7308465087,0.7513157087,0.7225285087,0.7293281087,0.7373692087
0.7179492087,0.7264006087,0.7409026087,0.7395394087,0.7264228087,0.7300964087,0.7211310087,0.7282187087,0.7322803087,0.7239046087,0.7241849087,0.7267427087,0.7329608087,0.7349739087,0.7234938087,0.7253738087,0.7249498087,0.7342474087,0.7259991087,0.7255021087,0.7306442087,0.7230606087,0.7259289087,0.7263410087,0.7365320087,0.7258335087,0.7245678087,0.7299041087,0.7265950087,0.7279600087,0.7281085087,0.7278894087,0.7228080087,0.7213864087,0.7331945087,0.7296721087,0.7243706087,0.7269989087,0.7301695087,0.7340170087,0.7284731087,0.7249813087,0.7241263087,0.7241158087,0.7200820087,0.7260779087,0.7267284087,0.7309591087,0.7302723087,0.7258755087,0.7288997087,0.7216529087
0.7248876087,0.7339481087,0.7362352087,0.7339718087,0.7275434087,0.7323261087,0.7210993087,0.7305170087,0.7252964087,0.7258309087,0.7269262087,0.7241134087,0.7387116087,0.7293779087,0.7270253087,0.7242887087,0.7258511087,0.7321457087,0.7252797087,0.7239466087,0.7256577087,0.7287647087,0.7265385087,0.7270433087,0.7287435087,0.7269402087,0.7222226087,0.7290627087,0.7245570087,0.7282677087,0.7298790087,0.7264299087,0.7221991087,0.7227359087,0.7238868087,0.7282945087,0.7246893087,0.7287506087,0.7254491087,0.7452448087,0.7256564087,0.7277760087,0.7235098087,0.7235569087,0.7227560087,0.7242387087,0.7293705087,0.7277338087,0.7364069087,0.7258400087,0.7294894087,0.7272323087
0.7233953087,0.7252568087,0.7362756087,0.7338430087,0.7320949087,0.7245790087,0.7250497087,0.7264893087,0.7299361087,0.7243942087,0.7288338087,0.7244626087,0.7319655087,0.7307451087,0.7215471087,0.7222912087,0.7225676087,0.7313746087,0.7266476087,0.7297358087,0.7317649087,0.7274509087,0.7310135087,0.7287894087,0.7308769087,0.7269835087,0.7225716087,0.7236867087,0.7249707087,0.7273488087,0.7305495087,0.7248517087,0.7221002087,0.7255257087,0.7239630087,0.7271392087,0.7252485087,0.7236227087,0.7327940087,0.7331530087,0.7264726087,0.7230086087,0.7242136087,0.7225851087,0.7261483087,0.7250917087,0.7304889087,0.7268586087,0.7324545087,0.7298193087,0.7304106087,0.7288123087
0.7222527087,0.7284455087,0.7368706087,0.7326913087,0.7264286087,0.7238201087,0.7267273087,0.7324750087,0.7237690087,0.7266804087,0.7248456087,0.7291475087,0.7421090087,0.7362697087,0.7255608087,0.7230151087,0.7304248087,0.7276934087,0.7284031087,0.7320408087,0.7315189087,0.7232433087,0.7239810087,0.7278848087,0.7277419087,0.7324876087,0.7227477087,0.7278892087,0.7243348087,0.7243023087,0.7261918087,0.7286229087,0.7265717087,0.7244508087,0.7287131087,0.7260301087,0.7247782087,0.7238037087,0.7290182087,0.7316419087,0.7257145087,0.7248712087,0.7241507087,0.7308106087,0.7280030087,0.7255423087,0.7290973087,0.7301262087,0.7289988087,0.7261656087,0.7235185087,0.7280719087
0.7253370087,0.7273157087,0.7331397087,0.7297600087,0.7253979087,0.7265447087,0.7219425087,0.7294720087,0.7262841087,0.7253171087,0.7268797087,0.7263794087,0.7358615087,0.7285083087,0.7284878087,0.7218628087,0.7260707087,0.7253799087,0.7311315087,0.7252565087,0.7413278087,0.7305050087,0.7240358087,0.7279750087,0.7279833087,0.7304583087,0.7214269087,0.7274821087,0.7218765087,0.7238840087,0.7296399087,0.7257496087,0.7262349087,0.7254129087,0.7319816087,0.7319366087,0.7274074087,0.7259761087,0.7284306087,0.7310417087,0.7274519087,0.7256386087,0.7244040087,0.7224940087,0.7241009087,0.7241224087,0.7279108087,0.7272909087,0.7299693087,0.7238291087,0.7272661087,0.7232047087
0.7252850087,0.7293466087,0.7372950087,0.7314692087,0.7266281087,0.7243964087,0.7232843087,0.7293372087,0.7256448087,0.7253370087,0.7257460087,0.7296959087,0.7361186087,0.7305756087,0.7216726087,0.7253358087,0.7291767087,0.7291857087,0.7338970087,0.7242134087,0.7330692087,0.7242748087,0.7274538087,0.7270048087,0.7272201087,0.7294400087,0.7207562087,0.7285446087,0.7281730087,0.7274097087,0.7313632087,0.7260662087,0.7321040087,0.7252157087,0.7291255087,0.7228951087,0.7235623087,0.7275134087,0.7284765087,0.7348144087,0.7218440087,0.7254460087,0.7247797087,0.7224615087,0.7285989087,0.7263427087,0.7277170087,0.7263179087,0.7267207087,0.7269157087,0.7266564087,0.7362697087
0.7251304087,0.7248831087,0.7401954087,0.7274311087,0.7266154087,0.7286707087,0.7192078087,0.7306889087,0.7240330087,0.7244769087,0.7282948087,0.7328482087,0.7368698087,0.7264484087,0.7234652087,0.7266935087,0.7261831087,0.7242168087,0.7254375087,0.7237282087,0.7432977087,0.7230259087,0.7244724087,0.7284266087,0.7313310087,0.7313135087,0.7245535087,0.7276686087,0.7288882087,0.7239206087,0.7278975087,0.7292652087,0.7207141087,0.7235817087,0.7261378087,0.7240494087,0.7256483087,0.7229558087,0.7276125087,0.7315612087,0.7284504087,0.7245989087,0.7223305087,0.7205236087,0.7334461087,0.7254011087,0.7313554087,0.7251376087,0.7280214087,0.7252421087,0.7288087087,0.7279868087
0.7331350087,0.7297789087,0.7358065087,0.7291735087,0.7288375087,0.7483129087,0.7202787087,0.7335482087,0.7229318087,0.7235673087,0.7269109087,0.7244594087,0.7343293087,0.7301787087,0.7254649087,0.7238673087,0.7310741087,0.7260719087,0.7299250087,0.7240131087,0.7327345087,0.7335016087,0.7231788087,0.7297995087,0.7344691087,0.7278692087,0.7221184087,0.7218907087,0.7252722087,0.7236911087,0.7291948087,0.7262520087,0.7248558087,0.7259675087,0.7366872087,0.7256099087,0.7241253087,0.7256992087,0.7296848087,0.7312492087,0.7262969087,0.7230706087,0.7230877087,0.7242290087,0.7353220087,0.7256727087,0.7253412087,0.7286379087,0.7347781087,0.7226877087,0.7309142087,0.7257159087
0.7256240087,0.7262467087,0.7416641087,0.7292521087,0.7282789087,0.7395133087,0.7205860087,0.7334377087,0.7253115087,0.7242053087,0.7274775087,0.7264432087,0.7358283087,0.7325607087,0.7243877087,0.7228686087,0.7274931087,0.7262456087,0.7369145087,0.7250208087,0.7296118087,0.7244885087,0.7274209087,0.7289620087,0.7375294087,0.7289741087,0.7207535087,0.7256378087,0.7250015087,0.7211732087,0.7264139087,0.7290842087,0.7267308087,0.7252866087,0.7296565087,0.7255789087,0.7338602087,0.7233137087,0.7298403087,0.7288751087,0.7277193087,0.7206418087,0.7305570087,0.7239534087,0.7239641087,0.7248606087,0.7277661087,0.7309926087,0.7300306087,0.7207357087,0.7316782087,0.7261627087
0.7277404087,0.7258711087,0.7405207087,0.7403876087,0.7292555087,0.7247856087,0.7239924087,0.7302240087,0.7226325087,0.7268443087,0.7270139087,0.7258984087,0.7433649087,0.7360659087,0.7263103087,0.7219758087,0.7241341087,0.7241052087,0.7258742087,0.7243167087,0.7300702087,0.7242399087,0.7251762087,0.7289148087,0.7290655087,0.7267688087,0.7269087087,0.7266949087,0.7233997087,0.7241124087,0.7230200087,0.7258872087,0.7253411087,0.7225717087,0.7364795087,0.7256983087,0.7210920087,0.7236572087,0.7270933087,0.7291569087,0.7276951087,0.7228145087,0.7262462087,0.7233945087,0.7270659087,0.7257059087,0.7271172087,0.7286834087,0.7355462087,0.7222983087,0.7300549087,0.7265810087
0.7342083087,0.7275098087,0.7379016087,0.7253848087,0.7257096087,0.7216350087,0.7273751087,0.7342966087,0.7260147087,0.7289623087,0.7301609087,0.7231177087,0.7324586087,0.7312595087,0.7271991087,0.7293905087,0.7337305087,0.7233423087,0.7273211087,0.7274798087,0.7416240087,0.7266814087,0.7243233087,0.7286893087,0.7461398087,0.7236017087,0.7252306087,0.7302279087,0.7235798087,0.7223126087,0.7272403087,0.7292180087,0.7260311087,0.7248695087,0.7355448087,0.7272686087,0.7246410087,0.7249487087,0.7339847087,0.7252766087,0.7266355087,0.7233953087,0.7269064087,0.7362835087,0.7219767087,0.7233000087,0.7284269087,0.7323496087,0.7267570087,0.7269487087,0.7323718087,0.7261871087
0.7229344087,0.7269489087,0.7358018087,0.7284216087,0.7267325087,0.7255192087,0.7219808087,0.7331562087,0.7254324087,0.7268278087,0.7351568087,0.7220961087,0.7333494087,0.7285223087,0.7228910087,0.7245448087,0.7311091087,0.7268698087,0.7385302087,0.7219856087,0.7281753087,0.7277048087,0.7269197087,0.7340712087,0.7316573087,0.7259063087,0.7227320087,0.7257775087,0.7237723087,0.7249970087,0.7231175087,0.7254440087,0.7407058087,0.7263391087,0.7324934087,0.7293142087,0.7245428087,0.7252931087,0.7253056087,0.7296505087,0.7258309087,0.7240696087,0.7271232087,0.7236829087,0.7246330087,0.7267284087,0.7294216087,0.7324875087,0.7314910087,0.7212259087,0.7323013087,0.7254511087
0.7631288087,0.7233137087,0.7373638087,0.7314084087,0.7389043087,0.7227224087,0.7215059087,0.7368963087,0.7214360087,0.7242308087,0.7264070087,0.7249966087,0.7365077087,0.7304992087,0.7297612087,0.7203041087,0.7348074087,0.7250564087,0.7264963087,0.7204978087,0.7247127087,0.7291374087,0.7249424087,0.7312632087,0.7301813087,0.7208847087,0.7209676087,0.7320846087,0.7304458087,0.7247410087,0.7227089087,0.7288513087,0.7233905087,0.7259929087,0.7214399087,0.7262778087,0.7249691087,0.7305722087,0.7292351087,0.7332324087,0.7270098087,0.7230966087,0.7325568087,0.7206927087,0.7230414087,0.7280603087,0.7289114087,0.7359585087,0.7275995087,0.7236387087,0.7317777087,0.7263535087
0.7294377087,0.7304482087,0.7410468087,0.7307778087,0.7292585087,0.7207149087,0.7200425087,0.7364335087,0.7232336087,0.7232018087,0.7290966087,0.7254024087,0.7344428087,0.7313737087,0.7243974087,0.7242035087,0.7295928087,0.7243141087,0.7354378087,0.7216723087,0.7271399087,0.7358292087,0.7308903087,0.7349443087,0.7391570087,0.7200779087,0.7231904087,0.7269781087,0.7278859087,0.7250485087,0.7246903087,0.7271823087,0.7233651087,0.7280321087,0.7304759087,0.7339641087,0.7306076087,0.7261308087,0.7262621087,0.7300518087,0.7308232087,0.7250770087,0.7316206087,0.7278966087,0.7246171087,0.7259073087,0.7295266087,0.7302241087,0.7298850087,0.7241889087,0.7323743087,0.7269272087
0.7245997087,0.7292244087,0.7370157087,0.7330903087,0.7270537087,0.7219243087,0.7214313087,0.7333138087,0.7224968087,0.7283576087,0.7321717087,0.7257530087,0.7412098087,0.7278075087,0.7253041087,0.7237327087,0.7269415087,0.7267607087,0.7337174087,0.7214601087,0.7264496087,0.7320499087,0.7291165087,0.7291750087,0.7331137087,0.7247493087,0.7278851087,0.7248229087,0.7253141087,0.7221753087,0.7267672087,0.7282293087,0.7274496087,0.7291819087,0.7339198087,0.7273782087,0.7225040087,0.7256231087,0.7245098087,0.7322317087,0.7278771087,0.7228245087,0.7274561087,0.7230065087,0.7220019087,0.7267455087,0.7289076087,0.7314457087,0.7303128087,0.7253317087,0.7340448087,0.7248849087
0.7266510087,0.7236551087,0.7427364087,0.7294162087,0.7291551087,0.7280753087,0.7258302087,0.7344781087,0.7245641087,0.7315483087,0.7250466087,0.7261248087,0.7377207087,0.7313036087,0.7275849087,0.7276585087,0.7278506087,0.7237931087,0.7339048087,0.7230423087,0.7365918087,0.7261426087,0.7314724087,0.7332128087,0.7329842087,0.7230632087,0.7242785087,0.7273343087,0.7292034087,0.7216562087,0.7294254087,0.7235262087,0.7290110087,0.7257025087,0.7263417087,0.7276281087,0.7220704087,0.7242142087,0.7274550087,0.7308521087,0.7256553087,0.7224495087,0.7275251087,0.7247640087,0.7249822087,0.7246112087,0.7243949087,0.7323454087,0.7330368087,0.7275323087,0.7398225087,0.7319894087
0.7223556087,0.7279966087,0.7335940087,0.7278469087,0,0.7352756087,0.7235044087,0.7355232087,0.7207653087,0.7297517087,0.7313872087,0.7244959087,0.7359743087,0.7280873087,0.7268058087,0.7298173087,0.7266682087,0.7274282087,0.7326021087,0.7261133087,0.7341198087,0.7259329087,0.7293233087,0.7479749087,0.7365769087,0.7242291087,0.7263827087,0.7282580087,0.7253272087,0.7248799087,0.7245833087,0.7252733087,0.7269603087,0.7263530087,0.7249134087,0.7271746087,0.7196135087,0.7317854087,0.7245840087,0.7304247087,0.7256056087,0.7244690087,0.7330015087,0.7230395087,0.7232439087,0.7235585087,0.7318493087,0.7371263087,0.7319157087,0.7244433087,0.7402803087,0.7288690087
0.7289974087,0.7263309087,0.7377803087,0.7301592087,0,0.7327707087,0.7192242087,0.7336301087,0.7227252087,0.7267262087,0.7253413087,0.7243770087,0.7392881087,0.7349862087,0,0.7366997087,0.7377036087,0.7214518087,0.7412583087,0.7223745087,0,0.7197397087,0.7254469087,0.7440668087,0.7362922087,0.7236015087,0.7258698087,0.7258242087,0.7256183087,0.7236896087,0.7249186087,0.7230803087,0.7278249087,0.7282080087,0.7254217087,0.7259035087,0.7229848087,0.7284282087,0.7305481087,0.7310027087,0.7262854087,0.7241079087,0.7297497087,0.7274364087,0.7269805087,0.7243181087,0.7306296087,0.7305921087,0.7295913087,0.7250840087,0.7416073087,0.7252321087
0.7229285087,0.7247221087,0.7344681087,0.7293816087,0,0.7195858087,0,0.7325396087,0.7227365087,0.7278175087,0.7269285087,0.7240597087,0.7348088087,0.7311650087,0,0.7280664087,0.7289377087,0.7242094087,0.7310122087,0.7227012087,0,0.7233053087,0.7367670087,0.7267125087,0,0.7243342087,0.7223337087,0.7288826087,0.7298929087,0.7235957087,0.7289146087,0.7238136087,0.7248888087,0.7244755087,0.7213423087,0.7232232087,0.7234112087,0.7308556087,0.7259215087,0.7301600087,0.7252416087,0.7239344087,0.7292013087,0.7254883087,0.7208304087,0.7292931087,0.7274596087,0.7304990087,0,0.7254009087,0.7365033087,0.7250207087
0.7232201087,0.7243079087,0.7413944087,0,0,0.7251768087,0,0.7326446087,0.7236795087,0.7249288087,0.7269201087,0,0.7365500087,0.7241347087,0,0.7248261087,0.7273337087,0.7287468087,0.7344655087,0,0,0.7250489087,0.7260343087,0.7242478087,0,0.7299194087,0.7235101087,0.7244766087,0.7265225087,0,0.7273673087,0.7252891087,0.7256740087,0.7258074087,0,0.7263153087,0.7227464087,0.7319877087,0.7282798087,0.7281782087,0.7288950087,0.7230990087,0.7314665087,0.7277106087,0.7212239087,0.7292782087,0.7294476087,0.7320726087,0,0.7264156087,0.7408545087,0.7242515087
0.7284031087,0.7306651087,0.7353736087,0,0,0.7245679087,0,0.7314823087,0.7258087087,0.7280526087,0.7313132087,0,0.7345332087,0.7274515087,0,0.7383511087,0.7254496087,0.7266840087,0.7324605087,0,0,0.7202321087,0.7287098087,0,0,0.7273337087,0.7238045087,0.7286737087,0.7281088087,0,0.7245274087,0.7263770087,0.7271368087,0.7275624087,0,0.7228008087,0.7267487087,0.7271342087,0.7292344087,0.7286142087,0.7253390087,0.7230668087,0.7332626087,0.7247682087,0.7240096087,0.7288448087,0.7244266087,0.7334046087,0,0.7289173087,0.7327898087,0.7249610087
0.7281082087,0.7265382087,0.7347909087,0,0,0.7291990087,0,0.7326846087,0.7252314087,0.7278149087,0.7254584087,0,0.7386461087,0.7265797087,0,0.7419655087,0.7301343087,0,0.7289576087,0,0,0.7207963087,0.7280474087,0,0,0.7225729087,0.7371122087,0.7269892087,0.7264408087,0,0.7240406087,0,0.7260750087,0.7293629087,0,0.7244045087,0.7275948087,0.7296966087,0.7279316087,0.7280986087,0.7230952087,0.7259496087,0.7304329087,0.7209502087,0.7239304087,0.7292684087,0.7317860087,0.7328144087,0,0.7220006087,0.7404673087,0
0.7281423087,0.7263446087,0.7350869087,0,0,0.7209623087,0,0.7318841087,0.7258074087,0,0.7308093087,0,0.7440822087,0,0,0,0.7329450087,0,0.7300515087,0,0,0.7208852087,0.7311188087,0,0,0.7220363087,0.7300394087,0.7260567087,0.7239694087,0,0.7317283087,0,0.7352922087,0.7254858087,0,0.7263349087,0.7224299087,0,0.7292205087,0.7332893087,0.7251741087,0.7299714087,0.7307334087,0.7246539087,0.7236807087,0.7255724087,0.7281689087,0,0,0.7240877087,0,0
0.7260121087,0.7278985087,0.7348679087,0,0,0.7235142087,0,0.7377327087,0.7269592087,0,0.7255984087,0,0.7432135087,0,0,0,0.7317649087,0,0,0,0,0,0.7293751087,0,0,0.7262306087,0,0.7295543087,0,0,0.7308989087,0,0.7305095087,0.7228885087,0,0.7254369087,0,0,0.7241220087,0.7344347087,0.7267780087,0.7270779087,0.7272473087,0.7259115087,0.7274522087,0.7212092087,0.7240416087,0,0,0.7260579087,0,0
0.7265141087,0.7262422087,0.7319809087,0,0,0.7191597087,0,0.7336597087,0.7274307087,0,0,0,0.7371135087,0,0,0,0.7244481087,0,0,0,0,0,0.7273398087,0,0,0.7221666087,0,0.7274035087,0,0,0.7331784087,0,0.7309392087,0.7229946087,0,0.7291130087,0,0,0.7253046087,0.7328058087,0.7246824087,0.7243927087,0.7242354087,0.7252662087,0.7207973087,0.7249705087,0.7257465087,0,0,0.7328007087,0,0
0.7210666087,0.7281100087,0.7332338087,0,0,0,0,0.7344601087,0.7265118087,0,0,0,0.7441928087,0,0,0,0.7197368087,0,0,0,0,0,0.7293547087,0,0,0.7210194087,0,0.7256508087,0,0,0.7284135087,0,0.7297287087,0.7238435087,0,0.7243249087,0,0,0.7246139087,0.7352046087,0.7255690087,0.7231857087,0.7233880087,0.7228007087,0.7239042087,0.7251524087,0.7294418087,0,0,0.7238618087,0,0
0.7229973087,0.7238486087,0.7402907087,0,0,0,0,0.7348010087,0.7237568087,0,0,0,0.7393006087,0,0,0,0.7224055087,0,0,0,0,0,0.7237720087,0,0,0.7231680087,0,0.7367142087,0,0,0.7272603087,0,0.7287239087,0.7248590087,0,0.7284519087,0,0,0.7321834087,0.7309866087,0.7264427087,0.7235887087,0.7271078087,0.7214868087,0.7217322087,0.7297342087,0.7264592087,0,0,0.7261889087,0,0
0.7275099087,0.7237443087,0.7351148087,0,0,0,0,0.7333378087,0.7269977087,0,0,0,0.7382074087,0,0,0,0.7257975087,0,0,0,0,0,0.7239193087,0,0,0.7233257087,0,0.7320308087,0,0,0.7269998087,0,0.7285890087,0.7201631087,0,0.7286925087,0,0,0.7314376087,0.7314137087,0.7247790087,0.7234632087,0,0.7206319087,0.7248782087,0.7307379087,0.7288395087,0,0,0.7256879087,0,0
0.7708653087,0.7231027087,0.7361329087,0,0,0,0,0.7360571087,0.7264377087,0,0,0,0.7452725087,0,0,0,0.7249119087,0,0,0,0,0,0.7242411087,0,0,0.7215091087,0,0.7245558087,0,0,0.7299883087,0,0.7259316087,0.7249933087,0,0.7224793087,0,0,0.7305924087,0.7306434087,0.7258871087,0.7204561087,0,0.7228332087,0.7247113087,0.7317690087,0.7299342087,0,0,0.7238308087,0,0
0.7250880087,0.7243421087,0.7368230087,0,0,0,0,0.7380490087,0.7289397087,0,0,0,0.7389519087,0,0,0,0,0,0,0,0,0,0.7249863087,0,0,0.7253573087,0,0.7229776087,0,0,0.7306601087,0,0.7306104087,0.7306803087,0,0.7218032087,0,0,0.7275075087,0.7321139087,0.7230565087,0.7240590087,0,0.7215390087,0.7223478087,0.7265431087,0.7315584087,0,0,0,0,0
0.7226115087,0.7255236087,0.7437945087,0,0,0,0,0.7351792087,0.7236997087,0,0,0,0.7397680087,0,0,0,0,0,0,0,0,0,0.7221248087,0,0,0.7267798087,0,0.7227652087,0,0,0.7265603087,0,0.7236312087,0.7523619087,0,0.7303405087,0,0,0.7259397087,0.7276938087,0.7241761087,0.7246308087,0,0.7229130087,0.7244199087,0.7293689087,0.7287345087,0,0,0,0,0
0.7235221087,0.7262621087,0.7462450087,0,0,0,0,0.7393400087,0.7231978087,0,0,0,0.7400889087,0,0,0,0,0,0,0,0,0,0.7280604087,0,0,0.7237974087,0,0.7355723087,0,0,0.7250297087,0,0.7201193087,0.7617334087,0,0.7216258087,0,0,0.7245312087,0.7298099087,0.7315372087,0.7248313087,0,0.7260145087,0.7263091087,0.7298158087,0.7291776087,0,0,0,0,0
0.7246824087,0.7214504087,0.7353278087,0,0,0,0,0.7371502087,0.7324997087,0,0,0,0.7370624087,0,0,0,0,0,0,0,0,0,0.7259962087,0,0,0.7231915087,0,0.7267092087,0,0,0.7242829087,0,0.7211386087,0.7567792087,0,0.7272288087,0,0,0.7304934087,0.7267086087,0.7358248087,0.7302374087,0,0.7225053087,0.7226077087,0.7314356087,0.7264146087,0,0,0,0,0
0.7238431087,0.7231814087,0.7363960087,0,0,0,0,0.7319861087,0.7249392087,0,0,0,0.7380633087,0,0,0,0,0,0,0,0,0,0.7225002087,0,0,0.7348462087,0,0.7227029087,0,0,0.7322803087,0,0.7255990087,0.7465799087,0,0.7325388087,0,0,0.7371579087,0.7290350087,0.7278745087,0.7231514087,0,0.7224923087,0.7234557087,0.7282486087,0.7303734087,0,0,0,0,0
0.7395069087,0.7256258087,0.7423084087,0,0,0,0,0.7386514087,0.7214958087,0,0,0,0.7399758087,0,0,0,0,0,0,0,0,0,0.7241563087,0,0,0.7236107087,0,0.7216576087,0,0,0.7251515087,0,0.7216673087,0.7772667087,0,0.7255642087,0,0,0.7255463087,0.7363741087,0.7243996087,0.7217553087,0,0.7276574087,0.7257969087,0.7251539087,0.7274910087,0,0,0,0,0
0.7278598087,0.7282096087,0.7396547087,0,0,0,0,0.7316808087,0.7230690087,0,0,0,0.7390959087,0,0,0,0,0,0,0,0,0,0.7214705087,0,0,0.7198164087,0,0.7241467087,0,0,0.7230463087,0,0.7256287087,0.7806617087,0,0.7272371087,0,0,0,0.7253975087,0.7285859087,0.7237099087,0,0.7237613087,0.7245971087,0.7331128087,0.7284443087,0,0,0,0,0
0.7297453087,0.7240110087,0.7380285087,0,0,0,0,0.7306528087,0.7233706087,0,0,0,0.7442291087,0,0,0,0,0,0,0,0,0,0.7216243087,0,0,0.7207154087,0,0.7224931087,0,0,0.7230088087,0,0.7195851087,0.7620871087,0,0.7235369087,0,0,0,0.7297230087,0.7255825087,0.7284780087,0,0.7244115087,0.7239761087,0.7311727087,0.7301397087,0,0,0,0,0
0.7251770087,0.7226503087,0.7416346087,0,0,0,0,0.7335755087,0.7254780087,0,0,0,0.7388696087,0,0,0,0,0,0,0,0,0,0.7245245087,0,0,0.7214535087,0,0.7249351087,0,0,0.7292002087,0,0.7215631087,0.7207424087,0,0.7247851087,0,0,0,0,0.7257843087,0,0,0.7279112087,0.7243995087,0.7266931087,0.7297136087,0,0,0,0,0
0.7255764087,0.7226256087,0.7375685087,0,0,0,0,0.7359836087,0.7327383087,0,0,0,0.7455777087,0,0,0,0,0,0,0,0,0,0.7281731087,0,0,0.7236498087,0,0.7309876087,0,0,0.7234196087,0,0.7204681087,0.7320226087,0,0.7252586087,0,0,0,0,0.7318027087,0,0,0.7307213087,0.7234236087,0.7293318087,0.7283715087,0,0,0,0,0
0.7201298087,0.7243245087,0.7413282087,0,0,0,0,0.7337456087,0,0,0,0,0.7400667087,0,0,0,0,0,0,0,0,0,0.7319975087,0,0,0.7281793087,0,0.7304426087,0,0,0.7304863087,0,0.7269226087,0.7255561087,0,0.7283840087,0,0,0,0,0.7334030087,0,0,0.7261255087,0.7241615087,0.7272491087,0.7262063087,0,0,0,0,0
0.7258134087,0.7229338087,0.7422655087,0,0,0,0,0.7317626087,0,0,0,0,0.7382187087,0,0,0,0,0,0,0,0,0,0.7315388087,0,0,0.7239821087,0,0.7360010087,0,0,0.7288261087,0,0,0.7226309087,0,0.7199731087,0,0,0,0,0.7328440087,0,0,0.7236728087,0.7250484087,0.7313477087,0,0,0,0,0,0
0.7216701087,0.7258264087,0.7370925087,0,0,0,0,0.7321233087,0,0,0,0,0.7402644087,0,0,0,0,0,0,0,0,0,0.7267676087,0,0,0.7214680087,0,0.7278173087,0,0,0.7265986087,0,0,0.7235412087,0,0.7238220087,0,0,0,0,0.7398387087,0,0,0.7241310087,0.7231765087,0.7322572087,0,0,0,0,0,0
0.7220099087,0.7267212087,0.7412724087,0,0,0,0,0.7340822087,0,0,0,0,0.7377247087,0,0,0,0,0,0,0,0,0,0,0,0,0.7226580087,0,0.7247361087,0,0,0.7309195087,0,0,0.7228238087,0,0.7215800087,0,0,0,0,0.7391863087,0,0,0.7202961087,0.7232718087,0.7285416087,0,0,0,0,0,0
0.7257277087,0.7310191087,0.7437624087,0,0,0,0,0.7341870087,0,0,0,0,0.7366255087,0,0,0,0,0,0,0,0,0,0,0,0,0.7212751087,0,0.7286669087,0,0,0.7289093087,0,0,0.7275089087,0,0.7300089087,0,0,0,0,0.7341841087,0,0,0.7232742087,0.7224323087,0.7264197087,0,0,0,0,0,0
0.7204647087,0.7318280087,0.7377130087,0,0,0,0,0.7376322087,0,0,0,0,0.7394365087,0,0,0,0,0,0,0,0,0,0,0,0,0.7234610087,0,0.7273773087,0,0,0.7243512087,0,0,0.7216127087,0,0.7212838087,0,0,0,0,0.7308184087,0,0,0,0.7245310087,0.7258454087,0,0,0,0,0,0
0.7248555087,0.7350395087,0.7435296087,0,0,0,0,0.7332719087,0,0,0,0,0.7377224087,0,0,0,0,0,0,0,0,0,0,0,0,0.7262233087,0,0.7316099087,0,0,0.7235197087,0,0,0.7240409087,0,0.7263186087,0,0,0,0,0,0,0,0,0.7235032087,0.7258583087,0,0,0,0,0,0
0.7248477087,0.7310442087,0.7450036087,0,0,0,0,0.7314547087,0,0,0,0,0.7376094087,0,0,0,0,0,0,0,0,0,0,0,0,0.7226378087,0,0.7248730087,0,0,0.7295143087,0,0,0.7261257087,0,0.7300132087,0,0,0,0,0,0,0,0,0.7244198087,0.7346907087,0,0,0,0,0,0
0.7253339087,0.7283736087,0.7383833087,0,0,0,0,0.7368065087,0,0,0,0,0.7419565087,0,0,0,0,0,0,0,0,0,0,0,0,0.7261138087,0,0.7310627087,0,0,0.7292490087,0,0,0.7213749087,0,0.7319795087,0,0,0,0,0,0,0,0,0.7232324087,0.7255152087,0,0,0,0,0,0
0.7234151087,0.7294805087,0.7339461087,0,0,0,0,0.7310477087,0,0,0,0,0.7586745087,0,0,0,0,0,0,0,0,0,0,0,0,0.7246997087,0,0.7250088087,0,0,0.7285603087,0,0,0.7196788087,0,0.7280606087,0,0,0,0,0,0,0,0,0.7251074087,0.7256055087,0,0,0,0,0,0
0.7193372087,0.7285415087,0.7345968087,0,0,0,0,0.7345945087,0,0,0,0,0.7480328087,0,0,0,0,0,0,0,0,0,0,0,0,0.7262083087,0,0.7307208087,0,0,0.7282690087,0,0,0.7278250087,0,0.7245597087,0,0,0,0,0,0,0,0,0.7233808087,0.7321975087,0,0,0,0,0,0
0.7225412087,0.7307894087,0.7341333087,0,0,0,0,0.7342280087,0,0,0,0,0.7485217087,0,0,0,0,0,0,0,0,0,0,0,0,0.7248150087,0,0.7282388087,0,0,0.7320630087,0,0,0.7235322087,0,0.7246931087,0,0,0,0,0,0,0,0,0.7212801087,0.7307395087,0,0,0,0,0,0
0.7235591087,0.7277877087,0.7396159087,0,0,0,0,0.7351777087,0,0,0,0,0.7430322087,0,0,0,0,0,0,0,0,0,0,0,0,0.7273075087,0,0.7282962087,0,0,0.7304474087,0,0,0.7217803087,0,0.7256819087,0,0,0,0,0,0,0,0,0.7232607087,0.7268248087,0,0,0,0,0,0
0.7211117087,0.7275979087,0.7374948087,0,0,0,0,0.7375839087,0,0,0,0,0.7496605087,0,0,0,0,0,0,0,0,0,0,0,0,0.7260098087,0,0.7226991087,0,0,0.7318743087,0,0,0.7222105087,0,0.7230635087,0,0,0,0,0,0,0,0,0.7305643087,0.7258464087,0,0,0,0,0,0
0.7250931087,0.7249370087,0.7413848087,0,0,0,0,0.7382848087,0,0,0,0,0.7391070087,0,0,0,0,0,0,0,0,0,0,0,0,0.7259832087,0,0.7357495087,0,0,0.7286604087,0,0,0.7220006087,0,0.7309466087,0,0,0,0,0,0,0,0,0.7210240087,0.7273151087,0,0,0,0,0,0
0.7219713087,0.7263438087,0.7364994087,0,0,0,0,0.7387009087,0,0,0,0,0.7454713087,0,0,0,0,0,0,0,0,0,0,0,0,0.7274937087,0,0.7347069087,0,0,0.7288664087,0,0,0.7213331087,0,0.7228867087,0,0,0,0,0,0,0,0,0.7253812087,0.7223784087,0,0,0,0,0,0
0.7258845087,0.7265071087,0.7400643087,0,0,0,0,0.7342337087,0,0,0,0,0.7437659087,0,0,0,0,0,0,0,0,0,0,0,0,0.7241873087,0,0.7256981087,0,0,0.7216282087,0,0,0.7215852087,0,0.7277280087,0,0,0,0,0,0,0,0,0.7239656087,0.7262211087,0,0,0,0,0,0
0.7279234087,0.7237223087,0.7387732087,0,0,0,0,0.7371962087,0,0,0,0,0.7456328087,0,0,0,0,0,0,0,0,0,0,0,0,0.7276472087,0,0.7245414087,0,0,0.7331418087,0,0,0.7244486087,0,0.7261289087,0,0,0,0,0,0,0,0,0.7267693087,0.7270556087,0,0,0,0,0,0
0.7258922087,0.7285982087,0.7461437087,0,0,0,0,0.7390671087,0,0,0,0,0.7438187087,0,0,0,0,0,0,0,0,0,0,0,0,0.7263611087,0,0.7219869087,0,0,0.7268900087,0,0,0.7238362087,0,0.7288956087,0,0,0,0,0,0,0,0,0.7265856087,0.7298209087,0,0,0,0,0,0
0.7270086087,0.7306395087,0.7503786087,0,0,0,0,0.7459364087,0,0,0,0,0.7435553087,0,0,0,0,0,0,0,0,0,0,0,0,0.7350103087,0,0.7223000087,0,0,0.7268372087,0,0,0.7272153087,0,0.7265024087,0,0,0,0,0,0,0,0,0.7240909087,0.7261584087,0,0,0,0,0,0
0.7766733087,0.7319986087,0.7385297087,0,0,0,0,0.7377962087,0,0,0,0,0.7429593087,0,0,0,0,0,0,0,0,0,0,0,0,0.7279425087,0,0.7228451087,0,0,0.7262039087,0,0,0.7206176087,0,0.7333668087,0,0,0,0,0,0,0,0,0.7243042087,0.7264125087,0,0,0,0,0,0
0.7735719087,0.7270435087,0.7373178087,0,0,0,0,0.7387964087,0,0,0,0,0.7378928087,0,0,0,0,0,0,0,0,0,0,0,0,0.7234676087,0,0.7224658087,0,0,0.7253625087,0,0,0.7253236087,0,0.7234758087,0,0,0,0,0,0,0,0,0.7270353087,0.7260128087,0,0,0,0,0,0
0.7252880087,0.7273120087,0.7359652087,0,0,0,0,0.7428333087,0,0,0,0,0.7374879087,0,0,0,0,0,0,0,0,0,0,0,0,0.7262889087,0,0,0,0,0.7239913087,0,0,0.7215866087,0,0.7218860087,0,0,0,0,0,0,0,0,0.7245303087,0.7211927087,0,0,0,0,0,0
0.7253427087,0.7254306087,0.7433925087,0,0,0,0,0.7368566087,0,0,0,0,0.7389536087,0,0,0,0,0,0,0,0,0,0,0,0,0.7238611087,0,0,0,0,0.7262403087,0,0,0.7270684087,0,0.7238322087,0,0,0,0,0,0,0,0,0.7219545087,0.7238974087,0,0,0,0,0,0
0.7228839087,0.7269262087,0.7386417087,0,0,0,0,0.7381820087,0,0,0,0,0.7386770087,0,0,0,0,0,0,0,0,0,0,0,0,0.7216030087,0,0,0,0,0.7250300087,0,0,0.7231799087,0,0.7254336087,0,0,0,0,0,0,0,0,0.7228286087,0.7232685087,0,0,0,0,0,0
0.7210281087,0.7267262087,0.7365332087,0,0,0,0,0.7374373087,0,0,0,0,0.7369934087,0,0,0,0,0,0,0,0,0,0,0,0,0.7251110087,0,0,0,0,0.7236511087,0,0,0.7505863087,0,0.7269799087,0,0,0,0,0,0,0,0,0.7262569087,0.7241853087,0,0,0,0,0,0
0.7234539087,0.7251875087,0.7398405087,0,0,0,0,0.7351615087,0,0,0,0,0.7376623087,0,0,0,0,0,0,0,0,0,0,0,0,0.7240248087,0,0,0,0,0.7260878087,0,0,0.7521966087,0,0.7307437087,0,0,0,0,0,0,0,0,0.7251058087,0.7225960087,0,0,0,0,0,0
0.7231989087,0.7250307087,0.7376143087,0,0,0,0,0.7325220087,0,0,0,0,0.7421355087,0,0,0,0,0,0,0,0,0,0,0,0,0.7241204087,0,0,0,0,0.7325117087,0,0,0.7477106087,0,0.7273177087,0,0,0,0,0,0,0,0,0.7223821087,0.7250541087,0,0,0,0,0,0
0.7216374087,0.7306494087,0.7426541087,0,0,0,0,0.7307967087,0,0,0,0,0.7392472087,0,0,0,0,0,0,0,0,0,0,0,0,0.7233411087,0,0,0,0,0.7304485087,0,0,0.7534654087,0,0.7302234087,0,0,0,0,0,0,0,0,0.7237496087,0.7289978087,0,0,0,0,0,0
0.7221441087,0.7290514087,0.7317126087,0,0,0,0,0.7355805087,0,0,0,0,0.7381331087,0,0,0,0,0,0,0,0,0,0,0,0,0.7252252087,0,0,0,0,0.7281572087,0,0,0.7239806087,0,0.7287941087,0,0,0,0,0,0,0,0,0.7268048087,0.7312063087,0,0,0,0,0,0
0.7297072087,0.7326968087,0.7365793087,0,0,0,0,0.7326716087,0,0,0,0,0.7418290087,0,0,0,0,0,0,0,0,0,0,0,0,0.7211448087,0,0,0,0,0.7278371087,0,0,0.7230332087,0,0.7369160087,0,0,0,0,0,0,0,0,0.7265241087,0.7275278087,0,0,0,0,0,0
0.7249336087,0.7340514087,0.7362168087,0,0,0,0,0.7286292087,0,0,0,0,0.7417632087,0,0,0,0,0,0,0,0,0,0,0,0,0.7237081087,0,0,0,0,0.7274832087,0,0,0.7270254087,0,0.7322626087,0,0,0,0,0,0,0,0,0.7231847087,0.7233977087,0,0,0,0,0,0
0.7240054087,0.7291330087,0.7317966087,0,0,0,0,0.7348494087,0,0,0,0,0,0,0,0,0,0,0,0,0,0,0,0,0,0.7220156087,0,0,0,0,0.7270533087,0,0,0.7278823087,0,0.7286798087,0,0,0,0,0,0,0,0,0.7248261087,0.7232921087,0,0,0,0,0,0
0.7298437087,0.7284452087,0.7311178087,0,0,0,0,0.7361158087,0,0,0,0,0,0,0,0,0,0,0,0,0,0,0,0,0,0.7224702087,0,0,0,0,0.7215881087,0,0,0.7230661087,0,0.7287023087,0,0,0,0,0,0,0,0,0.7225704087,0.7256480087,0,0,0,0,0,0
0.7257331087,0.7254751087,0.7327110087,0,0,0,0,0.7428481087,0,0,0,0,0,0,0,0,0,0,0,0,0,0,0,0,0,0.7224253087,0,0,0,0,0.7226025087,0,0,0.7225014087,0,0.7317965087,0,0,0,0,0,0,0,0,0.7233270087,0.7269732087,0,0,0,0,0,0
0.7245329087,0.7317348087,0.7334585087,0,0,0,0,0.7329393087,0,0,0,0,0,0,0,0,0,0,0,0,0,0,0,0,0,0.7253028087,0,0,0,0,0.7246485087,0,0,0.7232338087,0,0.7277340087,0,0,0,0,0,0,0,0,0.7228487087,0.7243750087,0,0,0,0,0,0
0.7239931087,0.7290356087,0.7331432087,0,0,0,0,0.7324872087,0,0,0,0,0,0,0,0,0,0,0,0,0,0,0,0,0,0.7249073087,0,0,0,0,0.7237520087,0,0,0.7219729087,0,0.7280505087,0,0,0,0,0,0,0,0,0.7243211087,0.7239849087,0,0,0,0,0,0
0.7269328087,0.7336802087,0.7335627087,0,0,0,0,0.7310891087,0,0,0,0,0,0,0,0,0,0,0,0,0,0,0,0,0,0.7299910087,0,0,0,0,0.7254084087,0,0,0.7294236087,0,0.7272297087,0,0,0,0,0,0,0,0,0.7249188087,0.7271268087,0,0,0,0,0,0
0.7276813087,0.7297486087,0.7386399087,0,0,0,0,0.7370404087,0,0,0,0,0,0,0,0,0,0,0,0,0,0,0,0,0,0.7239332087,0,0,0,0,0.7219638087,0,0,0.7319269087,0,0.7348125087,0,0,0,0,0,0,0,0,0.7237316087,0.7237018087,0,0,0,0,0,0
0.7261330087,0.7317009087,0.7321392087,0,0,0,0,0.7319258087,0,0,0,0,0,0,0,0,0,0,0,0,0,0,0,0,0,0.7252673087,0,0,0,0,0.7290597087,0,0,0.7287268087,0,0.7325227087,0,0,0,0,0,0,0,0,0.7281949087,0.7324249087,0,0,0,0,0,0
0.7259148087,0.7314835087,0.7340930087,0,0,0,0,0.7375191087,0,0,0,0,0,0,0,0,0,0,0,0,0,0,0,0,0,0.7243843087,0,0,0,0,0.7343403087,0,0,0.7229456087,0,0.7265995087,0,0,0,0,0,0,0,0,0.7285460087,0.7226951087,0,0,0,0,0,0
0.7272835087,0.7266066087,0.7322133087,0,0,0,0,0.7342505087,0,0,0,0,0,0,0,0,0,0,0,0,0,0,0,0,0,0.7243742087,0,0,0,0,0.7232371087,0,0,0.7205864087,0,0.7276671087,0,0,0,0,0,0,0,0,0.7253155087,0.7245544087,0,0,0,0,0,0
0.7311073087,0.7252093087,0.7302246087,0,0,0,0,0.7312384087,0,0,0,0,0,0,0,0,0,0,0,0,0,0,0,0,0,0.7308051087,0,0,0,0,0.7272660087,0,0,0.7218025087,0,0.7252711087,0,0,0,0,0,0,0,0,0.7241165087,0.7270704087,0,0,0,0,0,0
0.7255901087,0.7250697087,0.7293138087,0,0,0,0,0.7377591087,0,0,0,0,0,0,0,0,0,0,0,0,0,0,0,0,0,0.7278833087,0,0,0,0,0.7270818087,0,0,0.7246355087,0,0.7259775087,0,0,0,0,0,0,0,0,0.7239079087,0.7252219087,0,0,0,0,0,0
0.7243672087,0.7242666087,0.7284558087,0,0,0,0,0.7349932087,0,0,0,0,0,0,0,0,0,0,0,0,0,0,0,0,0,0.7260704087,0,0,0,0,0.7283992087,0,0,0.7371474087,0,0.7250790087,0,0,0,0,0,0,0,0,0.7276432087,0.7231561087,0,0,0,0,0,0
0.7263729087,0.7246282087,0.7342303087,0,0,0,0,0.7325212087,0,0,0,0,0,0,0,0,0,0,0,0,0,0,0,0,0,0.7253312087,0,0,0,0,0.7228252087,0,0,0.7226804087,0,0.7245147087,0,0,0,0,0,0,0,0,0,0.7234823087,0,0,0,0,0,0
0.7286092087,0.7221350087,0.7317368087,0,0,0,0,0.7373673087,0,0,0,0,0,0,0,0,0,0,0,0,0,0,0,0,0,0.7296796087,0,0,0,0,0.7363380087,0,0,0.7249824087,0,0.7241285087,0,0,0,0,0,0,0,0,0,0.7247448087,0,0,0,0,0,0
0.7252824087,0.7260343087,0.7313125087,0,0,0,0,0.7389880087,0,0,0,0,0,0,0,0,0,0,0,0,0,0,0,0,0,0.7219325087,0,0,0,0,0.7311373087,0,0,0.7310633087,0,0,0,0,0,0,0,0,0,0,0,0.7258442087,0,0,0,0,0,0
0.7266068087,0.7232634087,0.7277445087,0,0,0,0,0.7340561087,0,0,0,0,0,0,0,0,0,0,0,0,0,0,0,0,0,0.7222967087,0,0,0,0,0.7255051087,0,0,0.7227882087,0,0,0,0,0,0,0,0,0,0,0,0.7245464087,0,0,0,0,0,0
0.7242635087,0.7271699087,0.7380295087,0,0,0,0,0.7321032087,0,0,0,0,0,0,0,0,0,0,0,0,0,0,0,0,0,0.7238429087,0,0,0,0,0.7279610087,0,0,0.7253885087,0,0,0,0,0,0,0,0,0,0,0,0.7236973087,0,0,0,0,0,0
0.7290925087,0.7229232087,0.7267867087,0,0,0,0,0.7363719087,0,0,0,0,0,0,0,0,0,0,0,0,0,0,0,0,0,0.7202477087,0,0,0,0,0.7269084087,0,0,0.7255682087,0,0,0,0,0,0,0,0,0,0,0,0.7245659087,0,0,0,0,0,0
0.7274557087,0.7221749087,0.7293754087,0,0,0,0,0.7351955087,0,0,0,0,0,0,0,0,0,0,0,0,0,0,0,0,0,0.7263828087,0,0,0,0,0.7282540087,0,0,0.7234456087,0,0,0,0,0,0,0,0,0,0,0,0.7230824087,0,0,0,0,0,0
0.7308167087,0.7248949087,0.7281097087,0,0,0,0,0.7387701087,0,0,0,0,0,0,0,0,0,0,0,0,0,0,0,0,0,0.7241499087,0,0,0,0,0.7275995087,0,0,0.7225256087,0,0,0,0,0,0,0,0,0,0,0,0.7234317087,0,0,0,0,0,0
0.7267669087,0.7238519087,0.7297804087,0,0,0,0,0.7388237087,0,0,0,0,0,0,0,0,0,0,0,0,0,0,0,0,0,0,0,0,0,0,0.7258013087,0,0,0.7240973087,0,0,0,0,0,0,0,0,0,0,0,0.7296855087,0,0,0,0,0,0
0.7258262087,0.7230596087,0.7287687087,0,0,0,0,0.7383745087,0,0,0,0,0,0,0,0,0,0,0,0,0,0,0,0,0,0,0,0,0,0,0.7259046087,0,0,0.7223069087,0,0,0,0,0,0,0,0,0,0,0,0.7294635087,0,0,0,0,0,0
0.7224038087,0.7230746087,0.7283261087,0,0,0,0,0.7371214087,0,0,0,0,0,0,0,0,0,0,0,0,0,0,0,0,0,0,0,0,0,0,0.7307261087,0,0,0.7236746087,0,0,0,0,0,0,0,0,0,0,0,0.7248179087,0,0,0,0,0,0
0.7271315087,0.7269620087,0.7327896087,0,0,0,0,0.7337954087,0,0,0,0,0,0,0,0,0,0,0,0,0,0,0,0,0,0,0,0,0,0,0.7219965087,0,0,0.7200528087,0,0,0,0,0,0,0,0,0,0,0,0.7294569087,0,0,0,0,0,0
0.7254997087,0.7234248087,0.7283458087,0,0,0,0,0.7399412087,0,0,0,0,0,0,0,0,0,0,0,0,0,0,0,0,0,0,0,0,0,0,0.7259515087,0,0,0.7255556087,0,0,0,0,0,0,0,0,0,0,0,0.7233601087,0,0,0,0,0,0
0.7226027087,0.7211724087,0.7296833087,0,0,0,0,0.7418657087,0,0,0,0,0,0,0,0,0,0,0,0,0,0,0,0,0,0,0,0,0,0,0.7212367087,0,0,0.7232925087,0,0,0,0,0,0,0,0,0,0,0,0.7239843087,0,0,0,0,0,0
0.7239046087,0.7282897087,0.7384099087,0,0,0,0,0.7477443087,0,0,0,0,0,0,0,0,0,0,0,0,0,0,0,0,0,0,0,0,0,0,0.7252679087,0,0,0.7231342087,0,0,0,0,0,0,0,0,0,0,0,0.7245320087,0,0,0,0,0,0
0.7335114087,0.7251636087,0.7317140087,0,0,0,0,0.7530373087,0,0,0,0,0,0,0,0,0,0,0,0,0,0,0,0,0,0,0,0,0,0,0.7260013087,0,0,0.7282884087,0,0,0,0,0,0,0,0,0,0,0,0.7260169087,0,0,0,0,0,0
0.7296549087,0.7291468087,0.7318136087,0,0,0,0,0.7366967087,0,0,0,0,0,0,0,0,0,0,0,0,0,0,0,0,0,0,0,0,0,0,0.7233093087,0,0,0.7236995087,0,0,0,0,0,0,0,0,0,0,0,0.7277228087,0,0,0,0,0,0
0.7209772087,0.7219309087,0.7294006087,0,0,0,0,0.7397808087,0,0,0,0,0,0,0,0,0,0,0,0,0,0,0,0,0,0,0,0,0,0,0.7263919087,0,0,0.7209514087,0,0,0,0,0,0,0,0,0,0,0,0.7242309087,0,0,0,0,0,0
0.7283464087,0.7241250087,0.7293464087,0,0,0,0,0.7336518087,0,0,0,0,0,0,0,0,0,0,0,0,0,0,0,0,0,0,0,0,0,0,0.7282317087,0,0,0.7301978087,0,0,0,0,0,0,0,0,0,0,0,0.7278949087,0,0,0,0,0,0
0.7244040087,0.7276052087,0.7387294087,0,0,0,0,0.7360312087,0,0,0,0,0,0,0,0,0,0,0,0,0,0,0,0,0,0,0,0,0,0,0,0,0,0.7371531087,0,0,0,0,0,0,0,0,0,0,0,0.7303862087,0,0,0,0,0,0
0.7306555087,0.7222374087,0.7283586087,0,0,0,0,0.7389352087,0,0,0,0,0,0,0,0,0,0,0,0,0,0,0,0,0,0,0,0,0,0,0,0,0,0.7269548087,0,0,0,0,0,0,0,0,0,0,0,0.7260600087,0,0,0,0,0,0
0.7268559087,0.7274557087,0.7364157087,0,0,0,0,0.7393931087,0,0,0,0,0,0,0,0,0,0,0,0,0,0,0,0,0,0,0,0,0,0,0,0,0,0.7240845087,0,0,0,0,0,0,0,0,0,0,0,0,0,0,0,0,0,0
0.7220806087,0.7271976087,0.7304731087,0,0,0,0,0.7386758087,0,0,0,0,0,0,0,0,0,0,0,0,0,0,0,0,0,0,0,0,0,0,0,0,0,0,0,0,0,0,0,0,0,0,0,0,0,0,0,0,0,0,0,0
0.7263526087,0.7269577087,0.7310654087,0,0,0,0,0.7445959087,0,0,0,0,0,0,0,0,0,0,0,0,0,0,0,0,0,0,0,0,0,0,0,0,0,0,0,0,0,0,0,0,0,0,0,0,0,0,0,0,0,0,0,0
0.7292660087,0.7232544087,0.7294035087,0,0,0,0,0.7480938087,0,0,0,0,0,0,0,0,0,0,0,0,0,0,0,0,0,0,0,0,0,0,0,0,0,0,0,0,0,0,0,0,0,0,0,0,0,0,0,0,0,0,0,0
0.7262502087,0.7249131087,0.7297142087,0,0,0,0,0.7605312087,0,0,0,0,0,0,0,0,0,0,0,0,0,0,0,0,0,0,0,0,0,0,0,0,0,0,0,0,0,0,0,0,0,0,0,0,0,0,0,0,0,0,0,0
0.7267549087,0.7269105087,0.7281876087,0,0,0,0,0.7519404087,0,0,0,0,0,0,0,0,0,0,0,0,0,0,0,0,0,0,0,0,0,0,0,0,0,0,0,0,0,0,0,0,0,0,0,0,0,0,0,0,0,0,0,0
0.7221130087,0.7258071087,0.7270026087,0,0,0,0,0.7473835087,0,0,0,0,0,0,0,0,0,0,0,0,0,0,0,0,0,0,0,0,0,0,0,0,0,0,0,0,0,0,0,0,0,0,0,0,0,0,0,0,0,0,0,0
0.7250915087,0.7292501087,0,0,0,0,0,0.7384059087,0,0,0,0,0,0,0,0,0,0,0,0,0,0,0,0,0,0,0,0,0,0,0,0,0,0,0,0,0,0,0,0,0,0,0,0,0,0,0,0,0,0,0,0
0.7299664087,0.7241100087,0,0,0,0,0,0.7377368087,0,0,0,0,0,0,0,0,0,0,0,0,0,0,0,0,0,0,0,0,0,0,0,0,0,0,0,0,0,0,0,0,0,0,0,0,0,0,0,0,0,0,0,0
0.7254289087,0.7253618087,0,0,0,0,0,0.7373223087,0,0,0,0,0,0,0,0,0,0,0,0,0,0,0,0,0,0,0,0,0,0,0,0,0,0,0,0,0,0,0,0,0,0,0,0,0,0,0,0,0,0,0,0
0.7291403087,0.7210502087,0,0,0,0,0,0.7399570087,0,0,0,0,0,0,0,0,0,0,0,0,0,0,0,0,0,0,0,0,0,0,0,0,0,0,0,0,0,0,0,0,0,0,0,0,0,0,0,0,0,0,0,0
0.7256747087,0.7228471087,0,0,0,0,0,0.7434352087,0,0,0,0,0,0,0,0,0,0,0,0,0,0,0,0,0,0,0,0,0,0,0,0,0,0,0,0,0,0,0,0,0,0,0,0,0,0,0,0,0,0,0,0
0.7279722087,0.7256350087,0,0,0,0,0,0.7506453087,0,0,0,0,0,0,0,0,0,0,0,0,0,0,0,0,0,0,0,0,0,0,0,0,0,0,0,0,0,0,0,0,0,0,0,0,0,0,0,0,0,0,0,0
0.7213898087,0.7286197087,0,0,0,0,0,0.7392033087,0,0,0,0,0,0,0,0,0,0,0,0,0,0,0,0,0,0,0,0,0,0,0,0,0,0,0,0,0,0,0,0,0,0,0,0,0,0,0,0,0,0,0,0
0.7217583087,0.7265587087,0,0,0,0,0,0.7468842087,0,0,0,0,0,0,0,0,0,0,0,0,0,0,0,0,0,0,0,0,0,0,0,0,0,0,0,0,0,0,0,0,0,0,0,0,0,0,0,0,0,0,0,0
0.7232781087,0.7245163087,0,0,0,0,0,0.7376484087,0,0,0,0,0,0,0,0,0,0,0,0,0,0,0,0,0,0,0,0,0,0,0,0,0,0,0,0,0,0,0,0,0,0,0,0,0,0,0,0,0,0,0,0
0.7221118087,0.7269478087,0,0,0,0,0,0.7384899087,0,0,0,0,0,0,0,0,0,0,0,0,0,0,0,0,0,0,0,0,0,0,0,0,0,0,0,0,0,0,0,0,0,0,0,0,0,0,0,0,0,0,0,0
0.7235293087,0.7299187087,0,0,0,0,0,0.7363659087,0,0,0,0,0,0,0,0,0,0,0,0,0,0,0,0,0,0,0,0,0,0,0,0,0,0,0,0,0,0,0,0,0,0,0,0,0,0,0,0,0,0,0,0
0.7373553087,0.7224975087,0,0,0,0,0,0.7341479087,0,0,0,0,0,0,0,0,0,0,0,0,0,0,0,0,0,0,0,0,0,0,0,0,0,0,0,0,0,0,0,0,0,0,0,0,0,0,0,0,0,0,0,0
0.7234801087,0.7290831087,0,0,0,0,0,0.7373476087,0,0,0,0,0,0,0,0,0,0,0,0,0,0,0,0,0,0,0,0,0,0,0,0,0,0,0,0,0,0,0,0,0,0,0,0,0,0,0,0,0,0,0,0
0.7229692087,0.7318886087,0,0,0,0,0,0,0,0,0,0,0,0,0,0,0,0,0,0,0,0,0,0,0,0,0,0,0,0,0,0,0,0,0,0,0,0,0,0,0,0,0,0,0,0,0,0,0,0,0,0
0.7187353087,0.7309774087,0,0,0,0,0,0,0,0,0,0,0,0,0,0,0,0,0,0,0,0,0,0,0,0,0,0,0,0,0,0,0,0,0,0,0,0,0,0,0,0,0,0,0,0,0,0,0,0,0,0
0.7328548087,0.7256911087,0,0,0,0,0,0,0,0,0,0,0,0,0,0,0,0,0,0,0,0,0,0,0,0,0,0,0,0,0,0,0,0,0,0,0,0,0,0,0,0,0,0,0,0,0,0,0,0,0,0
0.7253601087,0.7261692087,0,0,0,0,0,0,0,0,0,0,0,0,0,0,0,0,0,0,0,0,0,0,0,0,0,0,0,0,0,0,0,0,0,0,0,0,0,0,0,0,0,0,0,0,0,0,0,0,0,0
0.7297784087,0.7292270087,0,0,0,0,0,0,0,0,0,0,0,0,0,0,0,0,0,0,0,0,0,0,0,0,0,0,0,0,0,0,0,0,0,0,0,0,0,0,0,0,0,0,0,0,0,0,0,0,0,0
0.7299722087,0.7269389087,0,0,0,0,0,0,0,0,0,0,0,0,0,0,0,0,0,0,0,0,0,0,0,0,0,0,0,0,0,0,0,0,0,0,0,0,0,0,0,0,0,0,0,0,0,0,0,0,0,0
0.7245709087,0.7257452087,0,0,0,0,0,0,0,0,0,0,0,0,0,0,0,0,0,0,0,0,0,0,0,0,0,0,0,0,0,0,0,0,0,0,0,0,0,0,0,0,0,0,0,0,0,0,0,0,0,0
0.7277364087,0.7263378087,0,0,0,0,0,0,0,0,0,0,0,0,0,0,0,0,0,0,0,0,0,0,0,0,0,0,0,0,0,0,0,0,0,0,0,0,0,0,0,0,0,0,0,0,0,0,0,0,0,0
0.7311268087,0.7241285087,0,0,0,0,0,0,0,0,0,0,0,0,0,0,0,0,0,0,0,0,0,0,0,0,0,0,0,0,0,0,0,0,0,0,0,0,0,0,0,0,0,0,0,0,0,0,0,0,0,0
0.7283982087,0.7229252087,0,0,0,0,0,0,0,0,0,0,0,0,0,0,0,0,0,0,0,0,0,0,0,0,0,0,0,0,0,0,0,0,0,0,0,0,0,0,0,0,0,0,0,0,0,0,0,0,0,0
0.7261175087,0.7281861087,0,0,0,0,0,0,0,0,0,0,0,0,0,0,0,0,0,0,0,0,0,0,0,0,0,0,0,0,0,0,0,0,0,0,0,0,0,0,0,0,0,0,0,0,0,0,0,0,0,0
0.7278963087,0.7265237087,0,0,0,0,0,0,0,0,0,0,0,0,0,0,0,0,0,0,0,0,0,0,0,0,0,0,0,0,0,0,0,0,0,0,0,0,0,0,0,0,0,0,0,0,0,0,0,0,0,0
0.7218673087,0.7313400087,0,0,0,0,0,0,0,0,0,0,0,0,0,0,0,0,0,0,0,0,0,0,0,0,0,0,0,0,0,0,0,0,0,0,0,0,0,0,0,0,0,0,0,0,0,0,0,0,0,0
0.7266346087,0.7251701087,0,0,0,0,0,0,0,0,0,0,0,0,0,0,0,0,0,0,0,0,0,0,0,0,0,0,0,0,0,0,0,0,0,0,0,0,0,0,0,0,0,0,0,0,0,0,0,0,0,0
0.7249580087,0.7265466087,0,0,0,0,0,0,0,0,0,0,0,0,0,0,0,0,0,0,0,0,0,0,0,0,0,0,0,0,0,0,0,0,0,0,0,0,0,0,0,0,0,0,0,0,0,0,0,0,0,0
0.7320157087,0.7228555087,0,0,0,0,0,0,0,0,0,0,0,0,0,0,0,0,0,0,0,0,0,0,0,0,0,0,0,0,0,0,0,0,0,0,0,0,0,0,0,0,0,0,0,0,0,0,0,0,0,0
0.7259585087,0.7271249087,0,0,0,0,0,0,0,0,0,0,0,0,0,0,0,0,0,0,0,0,0,0,0,0,0,0,0,0,0,0,0,0,0,0,0,0,0,0,0,0,0,0,0,0,0,0,0,0,0,0
0.7274005087,0.7303194087,0,0,0,0,0,0,0,0,0,0,0,0,0,0,0,0,0,0,0,0,0,0,0,0,0,0,0,0,0,0,0,0,0,0,0,0,0,0,0,0,0,0,0,0,0,0,0,0,0,0
0.7267182087,0.7237938087,0,0,0,0,0,0,0,0,0,0,0,0,0,0,0,0,0,0,0,0,0,0,0,0,0,0,0,0,0,0,0,0,0,0,0,0,0,0,0,0,0,0,0,0,0,0,0,0,0,0
0.7252840087,0.7224117087,0,0,0,0,0,0,0,0,0,0,0,0,0,0,0,0,0,0,0,0,0,0,0,0,0,0,0,0,0,0,0,0,0,0,0,0,0,0,0,0,0,0,0,0,0,0,0,0,0,0
0.7211553087,0.7258026087,0,0,0,0,0,0,0,0,0,0,0,0,0,0,0,0,0,0,0,0,0,0,0,0,0,0,0,0,0,0,0,0,0,0,0,0,0,0,0,0,0,0,0,0,0,0,0,0,0,0
0.7270502087,0.7248973087,0,0,0,0,0,0,0,0,0,0,0,0,0,0,0,0,0,0,0,0,0,0,0,0,0,0,0,0,0,0,0,0,0,0,0,0,0,0,0,0,0,0,0,0,0,0,0,0,0,0
0.7254235087,0.7255116087,0,0,0,0,0,0,0,0,0,0,0,0,0,0,0,0,0,0,0,0,0,0,0,0,0,0,0,0,0,0,0,0,0,0,0,0,0,0,0,0,0,0,0,0,0,0,0,0,0,0
0.7213925087,0.7256308087,0,0,0,0,0,0,0,0,0,0,0,0,0,0,0,0,0,0,0,0,0,0,0,0,0,0,0,0,0,0,0,0,0,0,0,0,0,0,0,0,0,0,0,0,0,0,0,0,0,0
0.7282672087,0.7239723087,0,0,0,0,0,0,0,0,0,0,0,0,0,0,0,0,0,0,0,0,0,0,0,0,0,0,0,0,0,0,0,0,0,0,0,0,0,0,0,0,0,0,0,0,0,0,0,0,0,0
0.7296285087,0.7220161087,0,0,0,0,0,0,0,0,0,0,0,0,0,0,0,0,0,0,0,0,0,0,0,0,0,0,0,0,0,0,0,0,0,0,0,0,0,0,0,0,0,0,0,0,0,0,0,0,0,0
0.7279210087,0.7242455087,0,0,0,0,0,0,0,0,0,0,0,0,0,0,0,0,0,0,0,0,0,0,0,0,0,0,0,0,0,0,0,0,0,0,0,0,0,0,0,0,0,0,0,0,0,0,0,0,0,0
0.7255014087,0.7212634087,0,0,0,0,0,0,0,0,0,0,0,0,0,0,0,0,0,0,0,0,0,0,0,0,0,0,0,0,0,0,0,0,0,0,0,0,0,0,0,0,0,0,0,0,0,0,0,0,0,0
0.7239437087,0.7246805087,0,0,0,0,0,0,0,0,0,0,0,0,0,0,0,0,0,0,0,0,0,0,0,0,0,0,0,0,0,0,0,0,0,0,0,0,0,0,0,0,0,0,0,0,0,0,0,0,0,0
0.7229912087,0.7265621087,0,0,0,0,0,0,0,0,0,0,0,0,0,0,0,0,0,0,0,0,0,0,0,0,0,0,0,0,0,0,0,0,0,0,0,0,0,0,0,0,0,0,0,0,0,0,0,0,0,0
0.7255200087,0.7293297087,0,0,0,0,0,0,0,0,0,0,0,0,0,0,0,0,0,0,0,0,0,0,0,0,0,0,0,0,0,0,0,0,0,0,0,0,0,0,0,0,0,0,0,0,0,0,0,0,0,0
0.7247673087,0.7239559087,0,0,0,0,0,0,0,0,0,0,0,0,0,0,0,0,0,0,0,0,0,0,0,0,0,0,0,0,0,0,0,0,0,0,0,0,0,0,0,0,0,0,0,0,0,0,0,0,0,0
0.7239128087,0.7250421087,0,0,0,0,0,0,0,0,0,0,0,0,0,0,0,0,0,0,0,0,0,0,0,0,0,0,0,0,0,0,0,0,0,0,0,0,0,0,0,0,0,0,0,0,0,0,0,0,0,0
0.7247486087,0.7243865087,0,0,0,0,0,0,0,0,0,0,0,0,0,0,0,0,0,0,0,0,0,0,0,0,0,0,0,0,0,0,0,0,0,0,0,0,0,0,0,0,0,0,0,0,0,0,0,0,0,0
0.7264635087,0.7203841087,0,0,0,0,0,0,0,0,0,0,0,0,0,0,0,0,0,0,0,0,0,0,0,0,0,0,0,0,0,0,0,0,0,0,0,0,0,0,0,0,0,0,0,0,0,0,0,0,0,0
0.7241331087,0.7239269087,0,0,0,0,0,0,0,0,0,0,0,0,0,0,0,0,0,0,0,0,0,0,0,0,0,0,0,0,0,0,0,0,0,0,0,0,0,0,0,0,0,0,0,0,0,0,0,0,0,0
0.7222141087,0.7257445087,0,0,0,0,0,0,0,0,0,0,0,0,0,0,0,0,0,0,0,0,0,0,0,0,0,0,0,0,0,0,0,0,0,0,0,0,0,0,0,0,0,0,0,0,0,0,0,0,0,0
0.7250388087,0.7286965087,0,0,0,0,0,0,0,0,0,0,0,0,0,0,0,0,0,0,0,0,0,0,0,0,0,0,0,0,0,0,0,0,0,0,0,0,0,0,0,0,0,0,0,0,0,0,0,0,0,0
0.7245204087,0.7252799087,0,0,0,0,0,0,0,0,0,0,0,0,0,0,0,0,0,0,0,0,0,0,0,0,0,0,0,0,0,0,0,0,0,0,0,0,0,0,0,0,0,0,0,0,0,0,0,0,0,0
0.7282819087,0.7250928087,0,0,0,0,0,0,0,0,0,0,0,0,0,0,0,0,0,0,0,0,0,0,0,0,0,0,0,0,0,0,0,0,0,0,0,0,0,0,0,0,0,0,0,0,0,0,0,0,0,0
0.7280687087,0.7240016087,0,0,0,0,0,0,0,0,0,0,0,0,0,0,0,0,0,0,0,0,0,0,0,0,0,0,0,0,0,0,0,0,0,0,0,0,0,0,0,0,0,0,0,0,0,0,0,0,0,0
0.7249024087,0.7245157087,0,0,0,0,0,0,0,0,0,0,0,0,0,0,0,0,0,0,0,0,0,0,0,0,0,0,0,0,0,0,0,0,0,0,0,0,0,0,0,0,0,0,0,0,0,0,0,0,0,0
0.7234116087,0.7258779087,0,0,0,0,0,0,0,0,0,0,0,0,0,0,0,0,0,0,0,0,0,0,0,0,0,0,0,0,0,0,0,0,0,0,0,0,0,0,0,0,0,0,0,0,0,0,0,0,0,0
0.7280451087,0.7251847087,0,0,0,0,0,0,0,0,0,0,0,0,0,0,0,0,0,0,0,0,0,0,0,0,0,0,0,0,0,0,0,0,0,0,0,0,0,0,0,0,0,0,0,0,0,0,0,0,0,0
0.7349762087,0.7265069087,0,0,0,0,0,0,0,0,0,0,0,0,0,0,0,0,0,0,0,0,0,0,0,0,0,0,0,0,0,0,0,0,0,0,0,0,0,0,0,0,0,0,0,0,0,0,0,0,0,0
0.7245401087,0.7289709087,0,0,0,0,0,0,0,0,0,0,0,0,0,0,0,0,0,0,0,0,0,0,0,0,0,0,0,0,0,0,0,0,0,0,0,0,0,0,0,0,0,0,0,0,0,0,0,0,0,0
0.7235973087,0.7301690087,0,0,0,0,0,0,0,0,0,0,0,0,0,0,0,0,0,0,0,0,0,0,0,0,0,0,0,0,0,0,0,0,0,0,0,0,0,0,0,0,0,0,0,0,0,0,0,0,0,0
0.7226293087,0.7340379087,0,0,0,0,0,0,0,0,0,0,0,0,0,0,0,0,0,0,0,0,0,0,0,0,0,0,0,0,0,0,0,0,0,0,0,0,0,0,0,0,0,0,0,0,0,0,0,0,0,0
0.7210869087,0.7248454087,0,0,0,0,0,0,0,0,0,0,0,0,0,0,0,0,0,0,0,0,0,0,0,0,0,0,0,0,0,0,0,0,0,0,0,0,0,0,0,0,0,0,0,0,0,0,0,0,0,0
0.7243634087,0.7294456087,0,0,0,0,0,0,0,0,0,0,0,0,0,0,0,0,0,0,0,0,0,0,0,0,0,0,0,0,0,0,0,0,0,0,0,0,0,0,0,0,0,0,0,0,0,0,0,0,0,0
0.7235797087,0.7280430087,0,0,0,0,0,0,0,0,0,0,0,0,0,0,0,0,0,0,0,0,0,0,0,0,0,0,0,0,0,0,0,0,0,0,0,0,0,0,0,0,0,0,0,0,0,0,0,0,0,0
0.7212939087,0.7260399087,0,0,0,0,0,0,0,0,0,0,0,0,0,0,0,0,0,0,0,0,0,0,0,0,0,0,0,0,0,0,0,0,0,0,0,0,0,0,0,0,0,0,0,0,0,0,0,0,0,0
0.7226902087,0.7380273087,0,0,0,0,0,0,0,0,0,0,0,0,0,0,0,0,0,0,0,0,0,0,0,0,0,0,0,0,0,0,0,0,0,0,0,0,0,0,0,0,0,0,0,0,0,0,0,0,0,0
0.7227254087,0.7255003087,0,0,0,0,0,0,0,0,0,0,0,0,0,0,0,0,0,0,0,0,0,0,0,0,0,0,0,0,0,0,0,0,0,0,0,0,0,0,0,0,0,0,0,0,0,0,0,0,0,0
0.7247956087,0.7275779087,0,0,0,0,0,0,0,0,0,0,0,0,0,0,0,0,0,0,0,0,0,0,0,0,0,0,0,0,0,0,0,0,0,0,0,0,0,0,0,0,0,0,0,0,0,0,0,0,0,0
0.7244527087,0.7276034087,0,0,0,0,0,0,0,0,0,0,0,0,0,0,0,0,0,0,0,0,0,0,0,0,0,0,0,0,0,0,0,0,0,0,0,0,0,0,0,0,0,0,0,0,0,0,0,0,0,0
0.7236859087,0.7262397087,0,0,0,0,0,0,0,0,0,0,0,0,0,0,0,0,0,0,0,0,0,0,0,0,0,0,0,0,0,0,0,0,0,0,0,0,0,0,0,0,0,0,0,0,0,0,0,0,0,0
0.7207240087,0.7280443087,0,0,0,0,0,0,0,0,0,0,0,0,0,0,0,0,0,0,0,0,0,0,0,0,0,0,0,0,0,0,0,0,0,0,0,0,0,0,0,0,0,0,0,0,0,0,0,0,0,0
0.7224510087,0.7267412087,0,0,0,0,0,0,0,0,0,0,0,0,0,0,0,0,0,0,0,0,0,0,0,0,0,0,0,0,0,0,0,0,0,0,0,0,0,0,0,0,0,0,0,0,0,0,0,0,0,0
0.7230967087,0.7279581087,0,0,0,0,0,0,0,0,0,0,0,0,0,0,0,0,0,0,0,0,0,0,0,0,0,0,0,0,0,0,0,0,0,0,0,0,0,0,0,0,0,0,0,0,0,0,0,0,0,0
0.7208965087,0.7313036087,0,0,0,0,0,0,0,0,0,0,0,0,0,0,0,0,0,0,0,0,0,0,0,0,0,0,0,0,0,0,0,0,0,0,0,0,0,0,0,0,0,0,0,0,0,0,0,0,0,0
0.7324042087,0.7235141087,0,0,0,0,0,0,0,0,0,0,0,0,0,0,0,0,0,0,0,0,0,0,0,0,0,0,0,0,0,0,0,0,0,0,0,0,0,0,0,0,0,0,0,0,0,0,0,0,0,0
0.7323973087,0.7233731087,0,0,0,0,0,0,0,0,0,0,0,0,0,0,0,0,0,0,0,0,0,0,0,0,0,0,0,0,0,0,0,0,0,0,0,0,0,0,0,0,0,0,0,0,0,0,0,0,0,0
0.7268019087,0.7240588087,0,0,0,0,0,0,0,0,0,0,0,0,0,0,0,0,0,0,0,0,0,0,0,0,0,0,0,0,0,0,0,0,0,0,0,0,0,0,0,0,0,0,0,0,0,0,0,0,0,0
0.7254444087,0.7278718087,0,0,0,0,0,0,0,0,0,0,0,0,0,0,0,0,0,0,0,0,0,0,0,0,0,0,0,0,0,0,0,0,0,0,0,0,0,0,0,0,0,0,0,0,0,0,0,0,0,0
0.7234348087,0.7271423087,0,0,0,0,0,0,0,0,0,0,0,0,0,0,0,0,0,0,0,0,0,0,0,0,0,0,0,0,0,0,0,0,0,0,0,0,0,0,0,0,0,0,0,0,0,0,0,0,0,0
0.7246101087,0.7297188087,0,0,0,0,0,0,0,0,0,0,0,0,0,0,0,0,0,0,0,0,0,0,0,0,0,0,0,0,0,0,0,0,0,0,0,0,0,0,0,0,0,0,0,0,0,0,0,0,0,0
0.7278922087,0.7246213087,0,0,0,0,0,0,0,0,0,0,0,0,0,0,0,0,0,0,0,0,0,0,0,0,0,0,0,0,0,0,0,0,0,0,0,0,0,0,0,0,0,0,0,0,0,0,0,0,0,0
0.7223192087,0.7268542087,0,0,0,0,0,0,0,0,0,0,0,0,0,0,0,0,0,0,0,0,0,0,0,0,0,0,0,0,0,0,0,0,0,0,0,0,0,0,0,0,0,0,0,0,0,0,0,0,0,0
0.7261935087,0.7247695087,0,0,0,0,0,0,0,0,0,0,0,0,0,0,0,0,0,0,0,0,0,0,0,0,0,0,0,0,0,0,0,0,0,0,0,0,0,0,0,0,0,0,0,0,0,0,0,0,0,0
0.7238229087,0.7235385087,0,0,0,0,0,0,0,0,0,0,0,0,0,0,0,0,0,0,0,0,0,0,0,0,0,0,0,0,0,0,0,0,0,0,0,0,0,0,0,0,0,0,0,0,0,0,0,0,0,0
0.7242578087,0.7229500087,0,0,0,0,0,0,0,0,0,0,0,0,0,0,0,0,0,0,0,0,0,0,0,0,0,0,0,0,0,0,0,0,0,0,0,0,0,0,0,0,0,0,0,0,0,0,0,0,0,0
0.7245740087,0.7244635087,0,0,0,0,0,0,0,0,0,0,0,0,0,0,0,0,0,0,0,0,0,0,0,0,0,0,0,0,0,0,0,0,0,0,0,0,0,0,0,0,0,0,0,0,0,0,0,0,0,0
0.7256862087,0.7253028087,0,0,0,0,0,0,0,0,0,0,0,0,0,0,0,0,0,0,0,0,0,0,0,0,0,0,0,0,0,0,0,0,0,0,0,0,0,0,0,0,0,0,0,0,0,0,0,0,0,0
0.7225822087,0.7252522087,0,0,0,0,0,0,0,0,0,0,0,0,0,0,0,0,0,0,0,0,0,0,0,0,0,0,0,0,0,0,0,0,0,0,0,0,0,0,0,0,0,0,0,0,0,0,0,0,0,0
0.7224767087,0.7218351087,0,0,0,0,0,0,0,0,0,0,0,0,0,0,0,0,0,0,0,0,0,0,0,0,0,0,0,0,0,0,0,0,0,0,0,0,0,0,0,0,0,0,0,0,0,0,0,0,0,0
0.7247519087,0.7239910087,0,0,0,0,0,0,0,0,0,0,0,0,0,0,0,0,0,0,0,0,0,0,0,0,0,0,0,0,0,0,0,0,0,0,0,0,0,0,0,0,0,0,0,0,0,0,0,0,0,0
0.7224472087,0.7264366087,0,0,0,0,0,0,0,0,0,0,0,0,0,0,0,0,0,0,0,0,0,0,0,0,0,0,0,0,0,0,0,0,0,0,0,0,0,0,0,0,0,0,0,0,0,0,0,0,0,0
0.7232589087,0.7228543087,0,0,0,0,0,0,0,0,0,0,0,0,0,0,0,0,0,0,0,0,0,0,0,0,0,0,0,0,0,0,0,0,0,0,0,0,0,0,0,0,0,0,0,0,0,0,0,0,0,0
0.7314214087,0.7305423087,0,0,0,0,0,0,0,0,0,0,0,0,0,0,0,0,0,0,0,0,0,0,0,0,0,0,0,0,0,0,0,0,0,0,0,0,0,0,0,0,0,0,0,0,0,0,0,0,0,0
0.7245186087,0.7235093087,0,0,0,0,0,0,0,0,0,0,0,0,0,0,0,0,0,0,0,0,0,0,0,0,0,0,0,0,0,0,0,0,0,0,0,0,0,0,0,0,0,0,0,0,0,0,0,0,0,0
0.7242812087,0.7269120087,0,0,0,0,0,0,0,0,0,0,0,0,0,0,0,0,0,0,0,0,0,0,0,0,0,0,0,0,0,0,0,0,0,0,0,0,0,0,0,0,0,0,0,0,0,0,0,0,0,0
0.7250134087,0.7268051087,0,0,0,0,0,0,0,0,0,0,0,0,0,0,0,0,0,0,0,0,0,0,0,0,0,0,0,0,0,0,0,0,0,0,0,0,0,0,0,0,0,0,0,0,0,0,0,0,0,0
0.7235319087,0.7230382087,0,0,0,0,0,0,0,0,0,0,0,0,0,0,0,0,0,0,0,0,0,0,0,0,0,0,0,0,0,0,0,0,0,0,0,0,0,0,0,0,0,0,0,0,0,0,0,0,0,0
0.7216950087,0.7250842087,0,0,0,0,0,0,0,0,0,0,0,0,0,0,0,0,0,0,0,0,0,0,0,0,0,0,0,0,0,0,0,0,0,0,0,0,0,0,0,0,0,0,0,0,0,0,0,0,0,0
0.7221337087,0.7265011087,0,0,0,0,0,0,0,0,0,0,0,0,0,0,0,0,0,0,0,0,0,0,0,0,0,0,0,0,0,0,0,0,0,0,0,0,0,0,0,0,0,0,0,0,0,0,0,0,0,0
0.7241896087,0.7252289087,0,0,0,0,0,0,0,0,0,0,0,0,0,0,0,0,0,0,0,0,0,0,0,0,0,0,0,0,0,0,0,0,0,0,0,0,0,0,0,0,0,0,0,0,0,0,0,0,0,0
0.7274915087,0.7265498087,0,0,0,0,0,0,0,0,0,0,0,0,0,0,0,0,0,0,0,0,0,0,0,0,0,0,0,0,0,0,0,0,0,0,0,0,0,0,0,0,0,0,0,0,0,0,0,0,0,0
0.7299958087,0.7259757087,0,0,0,0,0,0,0,0,0,0,0,0,0,0,0,0,0,0,0,0,0,0,0,0,0,0,0,0,0,0,0,0,0,0,0,0,0,0,0,0,0,0,0,0,0,0,0,0,0,0
0.7224489087,0.7212735087,0,0,0,0,0,0,0,0,0,0,0,0,0,0,0,0,0,0,0,0,0,0,0,0,0,0,0,0,0,0,0,0,0,0,0,0,0,0,0,0,0,0,0,0,0,0,0,0,0,0
0.7300167087,0.7254084087,0,0,0,0,0,0,0,0,0,0,0,0,0,0,0,0,0,0,0,0,0,0,0,0,0,0,0,0,0,0,0,0,0,0,0,0,0,0,0,0,0,0,0,0,0,0,0,0,0,0
0.7226135087,0.7243206087,0,0,0,0,0,0,0,0,0,0,0,0,0,0,0,0,0,0,0,0,0,0,0,0,0,0,0,0,0,0,0,0,0,0,0,0,0,0,0,0,0,0,0,0,0,0,0,0,0,0
0.7256555087,0.7239159087,0,0,0,0,0,0,0,0,0,0,0,0,0,0,0,0,0,0,0,0,0,0,0,0,0,0,0,0,0,0,0,0,0,0,0,0,0,0,0,0,0,0,0,0,0,0,0,0,0,0
0.7278960087,0.7231008087,0,0,0,0,0,0,0,0,0,0,0,0,0,0,0,0,0,0,0,0,0,0,0,0,0,0,0,0,0,0,0,0,0,0,0,0,0,0,0,0,0,0,0,0,0,0,0,0,0,0
0.7245497087,0.7243482087,0,0,0,0,0,0,0,0,0,0,0,0,0,0,0,0,0,0,0,0,0,0,0,0,0,0,0,0,0,0,0,0,0,0,0,0,0,0,0,0,0,0,0,0,0,0,0,0,0,0
0.7218178087,0.7264171087,0,0,0,0,0,0,0,0,0,0,0,0,0,0,0,0,0,0,0,0,0,0,0,0,0,0,0,0,0,0,0,0,0,0,0,0,0,0,0,0,0,0,0,0,0,0,0,0,0,0
0.7292667087,0.7243704087,0,0,0,0,0,0,0,0,0,0,0,0,0,0,0,0,0,0,0,0,0,0,0,0,0,0,0,0,0,0,0,0,0,0,0,0,0,0,0,0,0,0,0,0,0,0,0,0,0,0
0.7249921087,0.7278205087,0,0,0,0,0,0,0,0,0,0,0,0,0,0,0,0,0,0,0,0,0,0,0,0,0,0,0,0,0,0,0,0,0,0,0,0,0,0,0,0,0,0,0,0,0,0,0,0,0,0
0.7276705087,0.7292376087,0,0,0,0,0,0,0,0,0,0,0,0,0,0,0,0,0,0,0,0,0,0,0,0,0,0,0,0,0,0,0,0,0,0,0,0,0,0,0,0,0,0,0,0,0,0,0,0,0,0
0.7304181087,0.7221688087,0,0,0,0,0,0,0,0,0,0,0,0,0,0,0,0,0,0,0,0,0,0,0,0,0,0,0,0,0,0,0,0,0,0,0,0,0,0,0,0,0,0,0,0,0,0,0,0,0,0
0.7260080087,0.7263701087,0,0,0,0,0,0,0,0,0,0,0,0,0,0,0,0,0,0,0,0,0,0,0,0,0,0,0,0,0,0,0,0,0,0,0,0,0,0,0,0,0,0,0,0,0,0,0,0,0,0
0.7233275087,0.7261597087,0,0,0,0,0,0,0,0,0,0,0,0,0,0,0,0,0,0,0,0,0,0,0,0,0,0,0,0,0,0,0,0,0,0,0,0,0,0,0,0,0,0,0,0,0,0,0,0,0,0
0.7254053087,0.7239453087,0,0,0,0,0,0,0,0,0,0,0,0,0,0,0,0,0,0,0,0,0,0,0,0,0,0,0,0,0,0,0,0,0,0,0,0,0,0,0,0,0,0,0,0,0,0,0,0,0,0
0.7267570087,0.7279210087,0,0,0,0,0,0,0,0,0,0,0,0,0,0,0,0,0,0,0,0,0,0,0,0,0,0,0,0,0,0,0,0,0,0,0,0,0,0,0,0,0,0,0,0,0,0,0,0,0,0
0.7249490087,0.7267858087,0,0,0,0,0,0,0,0,0,0,0,0,0,0,0,0,0,0,0,0,0,0,0,0,0,0,0,0,0,0,0,0,0,0,0,0,0,0,0,0,0,0,0,0,0,0,0,0,0,0
0.7306025087,0,0,0,0,0,0,0,0,0,0,0,0,0,0,0,0,0,0,0,0,0,0,0,0,0,0,0,0,0,0,0,0,0,0,0,0,0,0,0,0,0,0,0,0,0,0,0,0,0,0,0
0.7289693087,0,0,0,0,0,0,0,0,0,0,0,0,0,0,0,0,0,0,0,0,0,0,0,0,0,0,0,0,0,0,0,0,0,0,0,0,0,0,0,0,0,0,0,0,0,0,0,0,0,0,0
0.7256812087,0,0,0,0,0,0,0,0,0,0,0,0,0,0,0,0,0,0,0,0,0,0,0,0,0,0,0,0,0,0,0,0,0,0,0,0,0,0,0,0,0,0,0,0,0,0,0,0,0,0,0
0.7257363087,0,0,0,0,0,0,0,0,0,0,0,0,0,0,0,0,0,0,0,0,0,0,0,0,0,0,0,0,0,0,0,0,0,0,0,0,0,0,0,0,0,0,0,0,0,0,0,0,0,0,0
0.7276082087,0,0,0,0,0,0,0,0,0,0,0,0,0,0,0,0,0,0,0,0,0,0,0,0,0,0,0,0,0,0,0,0,0,0,0,0,0,0,0,0,0,0,0,0,0,0,0,0,0,0,0
0.7304655087,0,0,0,0,0,0,0,0,0,0,0,0,0,0,0,0,0,0,0,0,0,0,0,0,0,0,0,0,0,0,0,0,0,0,0,0,0,0,0,0,0,0,0,0,0,0,0,0,0,0,0
0.7276808087,0,0,0,0,0,0,0,0,0,0,0,0,0,0,0,0,0,0,0,0,0,0,0,0,0,0,0,0,0,0,0,0,0,0,0,0,0,0,0,0,0,0,0,0,0,0,0,0,0,0,0
0.7259665087,0,0,0,0,0,0,0,0,0,0,0,0,0,0,0,0,0,0,0,0,0,0,0,0,0,0,0,0,0,0,0,0,0,0,0,0,0,0,0,0,0,0,0,0,0,0,0,0,0,0,0
0.7251242087,0,0,0,0,0,0,0,0,0,0,0,0,0,0,0,0,0,0,0,0,0,0,0,0,0,0,0,0,0,0,0,0,0,0,0,0,0,0,0,0,0,0,0,0,0,0,0,0,0,0,0
0.7205542087,0,0,0,0,0,0,0,0,0,0,0,0,0,0,0,0,0,0,0,0,0,0,0,0,0,0,0,0,0,0,0,0,0,0,0,0,0,0,0,0,0,0,0,0,0,0,0,0,0,0,0
0.7262696087,0,0,0,0,0,0,0,0,0,0,0,0,0,0,0,0,0,0,0,0,0,0,0,0,0,0,0,0,0,0,0,0,0,0,0,0,0,0,0,0,0,0,0,0,0,0,0,0,0,0,0
0.7241888087,0,0,0,0,0,0,0,0,0,0,0,0,0,0,0,0,0,0,0,0,0,0,0,0,0,0,0,0,0,0,0,0,0,0,0,0,0,0,0,0,0,0,0,0,0,0,0,0,0,0,0
0.7256259087,0,0,0,0,0,0,0,0,0,0,0,0,0,0,0,0,0,0,0,0,0,0,0,0,0,0,0,0,0,0,0,0,0,0,0,0,0,0,0,0,0,0,0,0,0,0,0,0,0,0,0
0.7259135087,0,0,0,0,0,0,0,0,0,0,0,0,0,0,0,0,0,0,0,0,0,0,0,0,0,0,0,0,0,0,0,0,0,0,0,0,0,0,0,0,0,0,0,0,0,0,0,0,0,0,0
0.7224017087,0,0,0,0,0,0,0,0,0,0,0,0,0,0,0,0,0,0,0,0,0,0,0,0,0,0,0,0,0,0,0,0,0,0,0,0,0,0,0,0,0,0,0,0,0,0,0,0,0,0,0
0.7219252087,0,0,0,0,0,0,0,0,0,0,0,0,0,0,0,0,0,0,0,0,0,0,0,0,0,0,0,0,0,0,0,0,0,0,0,0,0,0,0,0,0,0,0,0,0,0,0,0,0,0,0
0.7211195087,0,0,0,0,0,0,0,0,0,0,0,0,0,0,0,0,0,0,0,0,0,0,0,0,0,0,0,0,0,0,0,0,0,0,0,0,0,0,0,0,0,0,0,0,0,0,0,0,0,0,0
0.7245391087,0,0,0,0,0,0,0,0,0,0,0,0,0,0,0,0,0,0,0,0,0,0,0,0,0,0,0,0,0,0,0,0,0,0,0,0,0,0,0,0,0,0,0,0,0,0,0,0,0,0,0
0.7284147087,0,0,0,0,0,0,0,0,0,0,0,0,0,0,0,0,0,0,0,0,0,0,0,0,0,0,0,0,0,0,0,0,0,0,0,0,0,0,0,0,0,0,0,0,0,0,0,0,0,0,0
0.7252096087,0,0,0,0,0,0,0,0,0,0,0,0,0,0,0,0,0,0,0,0,0,0,0,0,0,0,0,0,0,0,0,0,0,0,0,0,0,0,0,0,0,0,0,0,0,0,0,0,0,0,0
0.7263877087,0,0,0,0,0,0,0,0,0,0,0,0,0,0,0,0,0,0,0,0,0,0,0,0,0,0,0,0,0,0,0,0,0,0,0,0,0,0,0,0,0,0,0,0,0,0,0,0,0,0,0
0.7278113087,0,0,0,0,0,0,0,0,0,0,0,0,0,0,0,0,0,0,0,0,0,0,0,0,0,0,0,0,0,0,0,0,0,0,0,0,0,0,0,0,0,0,0,0,0,0,0,0,0,0,0
0.7256107087,0,0,0,0,0,0,0,0,0,0,0,0,0,0,0,0,0,0,0,0,0,0,0,0,0,0,0,0,0,0,0,0,0,0,0,0,0,0,0,0,0,0,0,0,0,0,0,0,0,0,0
0.7202303087,0,0,0,0,0,0,0,0,0,0,0,0,0,0,0,0,0,0,0,0,0,0,0,0,0,0,0,0,0,0,0,0,0,0,0,0,0,0,0,0,0,0,0,0,0,0,0,0,0,0,0
0.7209531087,0,0,0,0,0,0,0,0,0,0,0,0,0,0,0,0,0,0,0,0,0,0,0,0,0,0,0,0,0,0,0,0,0,0,0,0,0,0,0,0,0,0,0,0,0,0,0,0,0,0,0
0.7236889087,0,0,0,0,0,0,0,0,0,0,0,0,0,0,0,0,0,0,0,0,0,0,0,0,0,0,0,0,0,0,0,0,0,0,0,0,0,0,0,0,0,0,0,0,0,0,0,0,0,0,0
0.7316424087,0,0,0,0,0,0,0,0,0,0,0,0,0,0,0,0,0,0,0,0,0,0,0,0,0,0,0,0,0,0,0,0,0,0,0,0,0,0,0,0,0,0,0,0,0,0,0,0,0,0,0
0.6966912087,0,0,0,0,0,0,0,0,0,0,0,0,0,0,0,0,0,0,0,0,0,0,0,0,0,0,0,0,0,0,0,0,0,0,0,0,0,0,0,0,0,0,0,0,0,0,0,0,0,0,0
0.6980895087,0,0,0,0,0,0,0,0,0,0,0,0,0,0,0,0,0,0,0,0,0,0,0,0,0,0,0,0,0,0,0,0,0,0,0,0,0,0,0,0,0,0,0,0,0,0,0,0,0,0,0
0.7006166087,0,0,0,0,0,0,0,0,0,0,0,0,0,0,0,0,0,0,0,0,0,0,0,0,0,0,0,0,0,0,0,0,0,0,0,0,0,0,0,0,0,0,0,0,0,0,0,0,0,0,0
0.7262672087,0,0,0,0,0,0,0,0,0,0,0,0,0,0,0,0,0,0,0,0,0,0,0,0,0,0,0,0,0,0,0,0,0,0,0,0,0,0,0,0,0,0,0,0,0,0,0,0,0,0,0
0.7259629087,0,0,0,0,0,0,0,0,0,0,0,0,0,0,0,0,0,0,0,0,0,0,0,0,0,0,0,0,0,0,0,0,0,0,0,0,0,0,0,0,0,0,0,0,0,0,0,0,0,0,0
0.7242049087,0,0,0,0,0,0,0,0,0,0,0,0,0,0,0,0,0,0,0,0,0,0,0,0,0,0,0,0,0,0,0,0,0,0,0,0,0,0,0,0,0,0,0,0,0,0,0,0,0,0,0
0.6981127087,0,0,0,0,0,0,0,0,0,0,0,0,0,0,0,0,0,0,0,0,0,0,0,0,0,0,0,0,0,0,0,0,0,0,0,0,0,0,0,0,0,0,0,0,0,0,0,0,0,0,0
0.7231987087,0,0,0,0,0,0,0,0,0,0,0,0,0,0,0,0,0,0,0,0,0,0,0,0,0,0,0,0,0,0,0,0,0,0,0,0,0,0,0,0,0,0,0,0,0,0,0,0,0,0,0
0.7223569087,0,0,0,0,0,0,0,0,0,0,0,0,0,0,0,0,0,0,0,0,0,0,0,0,0,0,0,0,0,0,0,0,0,0,0,0,0,0,0,0,0,0,0,0,0,0,0,0,0,0,0
0.6956465087,0,0,0,0,0,0,0,0,0,0,0,0,0,0,0,0,0,0,0,0,0,0,0,0,0,0,0,0,0,0,0,0,0,0,0,0,0,0,0,0,0,0,0,0,0,0,0,0,0,0,0
0.7274490087,0,0,0,0,0,0,0,0,0,0,0,0,0,0,0,0,0,0,0,0,0,0,0,0,0,0,0,0,0,0,0,0,0,0,0,0,0,0,0,0,0,0,0,0,0,0,0,0,0,0,0
0.7240276087,0,0,0,0,0,0,0,0,0,0,0,0,0,0,0,0,0,0,0,0,0,0,0,0,0,0,0,0,0,0,0,0,0,0,0,0,0,0,0,0,0,0,0,0,0,0,0,0,0,0,0
0.7251664087,0,0,0,0,0,0,0,0,0,0,0,0,0,0,0,0,0,0,0,0,0,0,0,0,0,0,0,0,0,0,0,0,0,0,0,0,0,0,0,0,0,0,0,0,0,0,0,0,0,0,0
0.7242437087,0,0,0,0,0,0,0,0,0,0,0,0,0,0,0,0,0,0,0,0,0,0,0,0,0,0,0,0,0,0,0,0,0,0,0,0,0,0,0,0,0,0,0,0,0,0,0,0,0,0,0
0.7336863087,0,0,0,0,0,0,0,0,0,0,0,0,0,0,0,0,0,0,0,0,0,0,0,0,0,0,0,0,0,0,0,0,0,0,0,0,0,0,0,0,0,0,0,0,0,0,0,0,0,0,0
0.6994739087,0,0,0,0,0,0,0,0,0,0,0,0,0,0,0,0,0,0,0,0,0,0,0,0,0,0,0,0,0,0,0,0,0,0,0,0,0,0,0,0,0,0,0,0,0,0,0,0,0,0,0
0.7232209087,0,0,0,0,0,0,0,0,0,0,0,0,0,0,0,0,0,0,0,0,0,0,0,0,0,0,0,0,0,0,0,0,0,0,0,0,0,0,0,0,0,0,0,0,0,0,0,0,0,0,0
0.6967662087,0,0,0,0,0,0,0,0,0,0,0,0,0,0,0,0,0,0,0,0,0,0,0,0,0,0,0,0,0,0,0,0,0,0,0,0,0,0,0,0,0,0,0,0,0,0,0,0,0,0,0
0.6996132087,0,0,0,0,0,0,0,0,0,0,0,0,0,0,0,0,0,0,0,0,0,0,0,0,0,0,0,0,0,0,0,0,0,0,0,0,0,0,0,0,0,0,0,0,0,0,0,0,0,0,0
0.6967543087,0,0,0,0,0,0,0,0,0,0,0,0,0,0,0,0,0,0,0,0,0,0,0,0,0,0,0,0,0,0,0,0,0,0,0,0,0,0,0,0,0,0,0,0,0,0,0,0,0,0,0
0.7208257087,0,0,0,0,0,0,0,0,0,0,0,0,0,0,0,0,0,0,0,0,0,0,0,0,0,0,0,0,0,0,0,0,0,0,0,0,0,0,0,0,0,0,0,0,0,0,0,0,0,0,0
0.7245340087,0,0,0,0,0,0,0,0,0,0,0,0,0,0,0,0,0,0,0,0,0,0,0,0,0,0,0,0,0,0,0,0,0,0,0,0,0,0,0,0,0,0,0,0,0,0,0,0,0,0,0
0.7228657087,0,0,0,0,0,0,0,0,0,0,0,0,0,0,0,0,0,0,0,0,0,0,0,0,0,0,0,0,0,0,0,0,0,0,0,0,0,0,0,0,0,0,0,0,0,0,0,0,0,0,0
0.7241394087,0,0,0,0,0,0,0,0,0,0,0,0,0,0,0,0,0,0,0,0,0,0,0,0,0,0,0,0,0,0,0,0,0,0,0,0,0,0,0,0,0,0,0,0,0,0,0,0,0,0,0
0.7342520087,0,0,0,0,0,0,0,0,0,0,0,0,0,0,0,0,0,0,0,0,0,0,0,0,0,0,0,0,0,0,0,0,0,0,0,0,0,0,0,0,0,0,0,0,0,0,0,0,0,0,0
0.7226967087,0,0,0,0,0,0,0,0,0,0,0,0,0,0,0,0,0,0,0,0,0,0,0,0,0,0,0,0,0,0,0,0,0,0,0,0,0,0,0,0,0,0,0,0,0,0,0,0,0,0,0
0.7241109087,0,0,0,0,0,0,0,0,0,0,0,0,0,0,0,0,0,0,0,0,0,0,0,0,0,0,0,0,0,0,0,0,0,0,0,0,0,0,0,0,0,0,0,0,0,0,0,0,0,0,0
0.7213963087,0,0,0,0,0,0,0,0,0,0,0,0,0,0,0,0,0,0,0,0,0,0,0,0,0,0,0,0,0,0,0,0,0,0,0,0,0,0,0,0,0,0,0,0,0,0,0,0,0,0,0
0.7236616087,0,0,0,0,0,0,0,0,0,0,0,0,0,0,0,0,0,0,0,0,0,0,0,0,0,0,0,0,0,0,0,0,0,0,0,0,0,0,0,0,0,0,0,0,0,0,0,0,0,0,0
0.7192803087,0,0,0,0,0,0,0,0,0,0,0,0,0,0,0,0,0,0,0,0,0,0,0,0,0,0,0,0,0,0,0,0,0,0,0,0,0,0,0,0,0,0,0,0,0,0,0,0,0,0,0
0.7206603087,0,0,0,0,0,0,0,0,0,0,0,0,0,0,0,0,0,0,0,0,0,0,0,0,0,0,0,0,0,0,0,0,0,0,0,0,0,0,0,0,0,0,0,0,0,0,0,0,0,0,0
0.7215186087,0,0,0,0,0,0,0,0,0,0,0,0,0,0,0,0,0,0,0,0,0,0,0,0,0,0,0,0,0,0,0,0,0,0,0,0,0,0,0,0,0,0,0,0,0,0,0,0,0,0,0
0.7231705087,0,0,0,0,0,0,0,0,0,0,0,0,0,0,0,0,0,0,0,0,0,0,0,0,0,0,0,0,0,0,0,0,0,0,0,0,0,0,0,0,0,0,0,0,0,0,0,0,0,0,0
0.7259812087,0,0,0,0,0,0,0,0,0,0,0,0,0,0,0,0,0,0,0,0,0,0,0,0,0,0,0,0,0,0,0,0,0,0,0,0,0,0,0,0,0,0,0,0,0,0,0,0,0,0,0
0.7202481087,0,0,0,0,0,0,0,0,0,0,0,0,0,0,0,0,0,0,0,0,0,0,0,0,0,0,0,0,0,0,0,0,0,0,0,0,0,0,0,0,0,0,0,0,0,0,0,0,0,0,0
0.7211213087,0,0,0,0,0,0,0,0,0,0,0,0,0,0,0,0,0,0,0,0,0,0,0,0,0,0,0,0,0,0,0,0,0,0,0,0,0,0,0,0,0,0,0,0,0,0,0,0,0,0,0
0.7239788087,0,0,0,0,0,0,0,0,0,0,0,0,0,0,0,0,0,0,0,0,0,0,0,0,0,0,0,0,0,0,0,0,0,0,0,0,0,0,0,0,0,0,0,0,0,0,0,0,0,0,0
0.7224599087,0,0,0,0,0,0,0,0,0,0,0,0,0,0,0,0,0,0,0,0,0,0,0,0,0,0,0,0,0,0,0,0,0,0,0,0,0,0,0,0,0,0,0,0,0,0,0,0,0,0,0
